experiment_name,experiment_uuid,task_group_id,task_id,processing_time,experiment_operation,scheduled_time,task_response,optimal_time_reference_time,result_path
LabwareRefillExperiment,129bc253-739b-4d1e-a3d8-e3218b59fafe,0,0,0,LabwareRefill,28858020,success,28859549,iPSsimulation/results/2024-11-13_real_round3/step_00000001/result.csv
LabwareRefillExperiment,129bc253-739b-4d1e-a3d8-e3218b59fafe,0,1,120,LabwareRefill,28859460,success,28859584,iPSsimulation/results/2024-11-13_real_round3/step_00000007/result.csv
IPSExperiment,iPS_Experiment_0,1,0,20,iPSPlateCoating,28859584,success,28859601,iPSsimulation/results/2024-11-13_real_round3/step_00000008/result.csv
IPSExperiment,iPS_Experiment_0,1,1,10,iPSGetImage,28859664,success,28859674,iPSsimulation/results/2024-11-13_real_round3/step_00000009/result.csv
IPSExperiment,iPS_Experiment_0,1,2,80,iPSPassage,28859674,success,28859751,iPSsimulation/results/2024-11-13_real_round3/step_00000010/result.csv
IPSExperiment,iPS_Experiment_1,1,0,20,iPSPlateCoating,28859751,success,28859768,iPSsimulation/results/2024-11-13_real_round3/step_00000011/result.csv
IPSExperiment,iPS_Experiment_1,1,1,10,iPSGetImage,28859831,success,28859842,iPSsimulation/results/2024-11-13_real_round3/step_00000012/result.csv
IPSExperiment,iPS_Experiment_1,1,2,80,iPSPassage,28859841,success,28859918,iPSsimulation/results/2024-11-13_real_round3/step_00000013/result.csv
IPSExperiment,iPS_Experiment_2,1,0,20,iPSPlateCoating,28859918,success,28859935,iPSsimulation/results/2024-11-13_real_round3/step_00000014/result.csv
IPSExperiment,iPS_Experiment_2,1,1,10,iPSGetImage,28859998,success,28860008,iPSsimulation/results/2024-11-13_real_round3/step_00000015/result.csv
IPSExperiment,iPS_Experiment_2,1,2,80,iPSPassage,28860008,success,28860085,iPSsimulation/results/2024-11-13_real_round3/step_00000016/result.csv
IPSExperiment,iPS_Experiment_3,1,0,20,iPSPlateCoating,28860085,success,28860102,iPSsimulation/results/2024-11-13_real_round3/step_00000017/result.csv
IPSExperiment,iPS_Experiment_3,1,1,10,iPSGetImage,28860165,success,28860176,iPSsimulation/results/2024-11-13_real_round3/step_00000018/result.csv
IPSExperiment,iPS_Experiment_3,1,2,80,iPSPassage,28860175,success,28860252,iPSsimulation/results/2024-11-13_real_round3/step_00000019/result.csv
IPSExperiment,iPS_Experiment_4,1,0,20,iPSPlateCoating,28860252,success,28860269,iPSsimulation/results/2024-11-13_real_round3/step_00000020/result.csv
IPSExperiment,iPS_Experiment_4,1,1,10,iPSGetImage,28860332,success,28860343,iPSsimulation/results/2024-11-13_real_round3/step_00000021/result.csv
IPSExperiment,iPS_Experiment_4,1,2,80,iPSPassage,28860342,success,28860419,iPSsimulation/results/2024-11-13_real_round3/step_00000022/result.csv
LabwareRefillExperiment,129bc253-739b-4d1e-a3d8-e3218b59fafe,0,2,120,LabwareRefill,28860900,success,28860900,iPSsimulation/results/2024-11-13_real_round3/step_00000023/result.csv
IPSExperiment,iPS_Experiment_0,1,0,10,iPSGetImage,28861115,success,28861126,iPSsimulation/results/2024-11-13_real_round3/step_00000039/result.csv
IPSExperiment,iPS_Experiment_0,1,1,20,iPSMediumChange,28861125,success,28861401,iPSsimulation/results/2024-11-13_real_round3/step_00000040/result.csv
IPSExperiment,iPS_Experiment_1,2,0,10,iPSGetImage,28861401,success,28861413,iPSsimulation/results/2024-11-13_real_round3/step_00000041/result.csv
IPSExperiment,iPS_Experiment_1,2,1,20,iPSMediumChange,28861411,success,28861429,iPSsimulation/results/2024-11-13_real_round3/step_00000042/result.csv
IPSExperiment,iPS_Experiment_2,3,0,10,iPSGetImage,28861449,success,28861460,iPSsimulation/results/2024-11-13_real_round3/step_00000043/result.csv
IPSExperiment,iPS_Experiment_2,3,1,20,iPSMediumChange,28861459,success,28861476,iPSsimulation/results/2024-11-13_real_round3/step_00000044/result.csv
HEKExperiment,HEK_Experiment_4,10,0,10,HEKGetImage,28861590,success,28861601,iPSsimulation/results/2024-11-13_real_round3/step_00000045/result.csv
HEKExperiment,HEK_Experiment_3,7,0,10,HEKGetImage,28861601,success,28861613,iPSsimulation/results/2024-11-13_real_round3/step_00000046/result.csv
HEKExperiment,HEK_Experiment_0,4,0,10,HEKGetImage,28861613,success,28861624,iPSsimulation/results/2024-11-13_real_round3/step_00000047/result.csv
IPSExperiment,iPS_Experiment_3,6,0,10,iPSGetImage,28861624,success,28861636,iPSsimulation/results/2024-11-13_real_round3/step_00000048/result.csv
IPSExperiment,iPS_Experiment_3,6,1,20,iPSMediumChange,28861634,success,28861653,iPSsimulation/results/2024-11-13_real_round3/step_00000049/result.csv
HEKExperiment,HEK_Experiment_1,4,0,10,HEKGetImage,28861654,success,28861665,iPSsimulation/results/2024-11-13_real_round3/step_00000050/result.csv
HEKExperiment,HEK_Experiment_2,5,0,10,HEKGetImage,28861665,success,28861676,iPSsimulation/results/2024-11-13_real_round3/step_00000051/result.csv
IPSExperiment,iPS_Experiment_4,5,0,10,iPSGetImage,28861783,success,28861794,iPSsimulation/results/2024-11-13_real_round3/step_00000052/result.csv
IPSExperiment,iPS_Experiment_4,5,1,20,iPSMediumChange,28861793,success,28861810,iPSsimulation/results/2024-11-13_real_round3/step_00000053/result.csv
HEKExperiment,HEK_Experiment_1,9,0,10,HEKGetImage,28862290,success,28862300,iPSsimulation/results/2024-11-13_real_round3/step_00000054/result.csv
HEKExperiment,HEK_Experiment_0,8,0,10,HEKGetImage,28862300,success,28862312,iPSsimulation/results/2024-11-13_real_round3/step_00000055/result.csv
HEKExperiment,HEK_Experiment_4,6,0,10,HEKGetImage,28862312,success,28862324,iPSsimulation/results/2024-11-13_real_round3/step_00000056/result.csv
HEKExperiment,HEK_Experiment_3,6,0,10,HEKGetImage,28862324,success,28862336,iPSsimulation/results/2024-11-13_real_round3/step_00000057/result.csv
LabwareRefillExperiment,129bc253-739b-4d1e-a3d8-e3218b59fafe,0,3,120,LabwareRefill,28862340,success,28862340,iPSsimulation/results/2024-11-13_real_round3/step_00000058/result.csv
HEKExperiment,HEK_Experiment_2,6,0,10,HEKGetImage,28862460,success,28862471,iPSsimulation/results/2024-11-13_real_round3/step_00000059/result.csv
IPSExperiment,iPS_Experiment_0,1,2,10,iPSGetImage,28862585,success,28862596,iPSsimulation/results/2024-11-13_real_round3/step_00000060/result.csv
IPSExperiment,iPS_Experiment_1,1,2,10,iPSGetImage,28862871,success,28862882,iPSsimulation/results/2024-11-13_real_round3/step_00000061/result.csv
IPSExperiment,iPS_Experiment_2,1,2,10,iPSGetImage,28862919,success,28862930,iPSsimulation/results/2024-11-13_real_round3/step_00000062/result.csv
HEKExperiment,HEK_Experiment_1,3,0,10,HEKGetImage,28863010,success,28863021,iPSsimulation/results/2024-11-13_real_round3/step_00000063/result.csv
HEKExperiment,HEK_Experiment_0,3,0,10,HEKGetImage,28863021,success,28863032,iPSsimulation/results/2024-11-13_real_round3/step_00000064/result.csv
HEKExperiment,HEK_Experiment_4,3,0,10,HEKGetImage,28863033,success,28863044,iPSsimulation/results/2024-11-13_real_round3/step_00000065/result.csv
HEKExperiment,HEK_Experiment_3,3,0,10,HEKGetImage,28863045,success,28863056,iPSsimulation/results/2024-11-13_real_round3/step_00000066/result.csv
IPSExperiment,iPS_Experiment_3,1,2,10,iPSGetImage,28863094,success,28863105,iPSsimulation/results/2024-11-13_real_round3/step_00000067/result.csv
HEKExperiment,HEK_Experiment_2,2,0,10,HEKGetImage,28863180,success,28863190,iPSsimulation/results/2024-11-13_real_round3/step_00000068/result.csv
IPSExperiment,iPS_Experiment_4,1,2,10,iPSGetImage,28863253,success,28863264,iPSsimulation/results/2024-11-13_real_round3/step_00000069/result.csv
HEKExperiment,HEK_Experiment_1,1,0,10,HEKGetImage,28863730,success,28863741,iPSsimulation/results/2024-11-13_real_round3/step_00000070/result.csv
HEKExperiment,HEK_Experiment_0,1,0,10,HEKGetImage,28863741,success,28863752,iPSsimulation/results/2024-11-13_real_round3/step_00000071/result.csv
HEKExperiment,HEK_Experiment_4,1,0,10,HEKGetImage,28863753,success,28863764,iPSsimulation/results/2024-11-13_real_round3/step_00000072/result.csv
LabwareRefillExperiment,129bc253-739b-4d1e-a3d8-e3218b59fafe,0,4,120,LabwareRefill,28863780,success,28864037,iPSsimulation/results/2024-11-13_real_round3/step_00000074/result.csv
HEKExperiment,HEK_Experiment_3,1,0,10,HEKGetImage,28864037,success,28864049,iPSsimulation/results/2024-11-13_real_round3/step_00000075/result.csv
HEKExperiment,HEK_Experiment_2,1,0,10,HEKGetImage,28864049,success,28864061,iPSsimulation/results/2024-11-13_real_round3/step_00000076/result.csv
IPSExperiment,iPS_Experiment_0,1,0,10,iPSGetImage,28864061,success,28864073,iPSsimulation/results/2024-11-13_real_round3/step_00000077/result.csv
IPSExperiment,iPS_Experiment_0,1,1,20,iPSMediumChange,28864071,success,28864089,iPSsimulation/results/2024-11-13_real_round3/step_00000078/result.csv
IPSExperiment,iPS_Experiment_1,1,0,10,iPSGetImage,28864311,success,28864322,iPSsimulation/results/2024-11-13_real_round3/step_00000079/result.csv
IPSExperiment,iPS_Experiment_1,1,1,20,iPSMediumChange,28864321,success,28864338,iPSsimulation/results/2024-11-13_real_round3/step_00000080/result.csv
IPSExperiment,iPS_Experiment_2,1,0,10,iPSGetImage,28864359,success,28864370,iPSsimulation/results/2024-11-13_real_round3/step_00000081/result.csv
IPSExperiment,iPS_Experiment_2,1,1,20,iPSMediumChange,28864369,success,28864386,iPSsimulation/results/2024-11-13_real_round3/step_00000082/result.csv
HEKExperiment,HEK_Experiment_1,1,0,10,HEKGetImage,28864450,success,28864460,iPSsimulation/results/2024-11-13_real_round3/step_00000083/result.csv
HEKExperiment,HEK_Experiment_1,10,0,10,HEKGetImage,28864460,success,28864472,iPSsimulation/results/2024-11-13_real_round3/step_00000084/result.csv
IPSExperiment,iPS_Experiment_3,3,0,10,iPSGetImage,28865035,success,28865046,iPSsimulation/results/2024-11-13_real_round3/step_00000092/result.csv
IPSExperiment,iPS_Experiment_3,3,1,20,iPSMediumChange,28865045,success,28865061,iPSsimulation/results/2024-11-13_real_round3/step_00000093/result.csv
IPSExperiment,iPS_Experiment_4,1,0,10,iPSGetImage,28865061,success,28865073,iPSsimulation/results/2024-11-13_real_round3/step_00000094/result.csv
IPSExperiment,iPS_Experiment_4,1,1,20,iPSMediumChange,28865071,success,28865089,iPSsimulation/results/2024-11-13_real_round3/step_00000095/result.csv
LabwareRefillExperiment,129bc253-739b-4d1e-a3d8-e3218b59fafe,0,5,120,LabwareRefill,28865220,success,28865220,iPSsimulation/results/2024-11-13_real_round3/step_00000096/result.csv
LabwareRefillExperiment,54326bba-120b-4e49-87fc-693a5bb0f8b5,0,0,0,LabwareRefill,28863780,success,28865302,iPSsimulation/results/2024-11-13_real_round3/step_00000107/result.csv
LabwareRefillExperiment,54326bba-120b-4e49-87fc-693a5bb0f8b5,0,1,120,LabwareRefill,28865220,success,28865304,iPSsimulation/results/2024-11-13_real_round3/step_00000108/result.csv
IPSExperiment,iPS_Experiment_0,1,0,10,iPSGetImage,28865514,success,28865525,iPSsimulation/results/2024-11-13_real_round3/step_00000109/result.csv
IPSExperiment,iPS_Experiment_0,1,1,20,iPSMediumChange,28865524,success,28865541,iPSsimulation/results/2024-11-13_real_round3/step_00000110/result.csv
IPSExperiment,iPS_Experiment_1,1,0,10,iPSGetImage,28865762,success,28865773,iPSsimulation/results/2024-11-13_real_round3/step_00000111/result.csv
IPSExperiment,iPS_Experiment_1,1,1,20,iPSMediumChange,28865772,success,28865789,iPSsimulation/results/2024-11-13_real_round3/step_00000112/result.csv
IPSExperiment,iPS_Experiment_2,1,0,10,iPSGetImage,28865811,success,28865821,iPSsimulation/results/2024-11-13_real_round3/step_00000113/result.csv
IPSExperiment,iPS_Experiment_2,1,1,20,iPSMediumChange,28865821,success,28865838,iPSsimulation/results/2024-11-13_real_round3/step_00000114/result.csv
HEKExperiment,HEK_Experiment_4,7,0,10,HEKGetImage,28866466,success,28866476,iPSsimulation/results/2024-11-13_real_round3/step_00000115/result.csv
HEKExperiment,HEK_Experiment_2,5,0,10,HEKGetImage,28866476,success,28866488,iPSsimulation/results/2024-11-13_real_round3/step_00000116/result.csv
IPSExperiment,iPS_Experiment_3,1,0,10,iPSGetImage,28866488,success,28866500,iPSsimulation/results/2024-11-13_real_round3/step_00000117/result.csv
IPSExperiment,iPS_Experiment_3,1,1,20,iPSMediumChange,28866498,success,28866517,iPSsimulation/results/2024-11-13_real_round3/step_00000118/result.csv
IPSExperiment,iPS_Experiment_4,1,0,10,iPSGetImage,28866517,success,28866529,iPSsimulation/results/2024-11-13_real_round3/step_00000119/result.csv
IPSExperiment,iPS_Experiment_4,1,1,20,iPSMediumChange,28866527,success,28866545,iPSsimulation/results/2024-11-13_real_round3/step_00000120/result.csv
HEKExperiment,HEK_Experiment_0,1,0,10,HEKGetImage,28866545,success,28866557,iPSsimulation/results/2024-11-13_real_round3/step_00000121/result.csv
HEKExperiment,HEK_Experiment_1,1,0,10,HEKGetImage,28866557,success,28866569,iPSsimulation/results/2024-11-13_real_round3/step_00000122/result.csv
HEKExperiment,HEK_Experiment_3,1,0,10,HEKGetImage,28866569,success,28866581,iPSsimulation/results/2024-11-13_real_round3/step_00000123/result.csv
LabwareRefillExperiment,54326bba-120b-4e49-87fc-693a5bb0f8b5,0,2,120,LabwareRefill,28866660,success,28866660,iPSsimulation/results/2024-11-13_real_round3/step_00000124/result.csv
IPSExperiment,iPS_Experiment_0,1,0,10,iPSGetImage,28866966,success,28866976,iPSsimulation/results/2024-11-13_real_round3/step_00000125/result.csv
IPSExperiment,iPS_Experiment_0,1,1,20,iPSMediumChange,28866976,success,28866993,iPSsimulation/results/2024-11-13_real_round3/step_00000126/result.csv
HEKExperiment,HEK_Experiment_4,1,0,10,HEKGetImage,28867186,success,28867196,iPSsimulation/results/2024-11-13_real_round3/step_00000127/result.csv
HEKExperiment,HEK_Experiment_2,1,0,10,HEKGetImage,28867197,success,28867208,iPSsimulation/results/2024-11-13_real_round3/step_00000128/result.csv
IPSExperiment,iPS_Experiment_1,1,0,10,iPSGetImage,28867214,success,28867224,iPSsimulation/results/2024-11-13_real_round3/step_00000129/result.csv
IPSExperiment,iPS_Experiment_1,1,1,20,iPSMediumChange,28867224,success,28867241,iPSsimulation/results/2024-11-13_real_round3/step_00000130/result.csv
HEKExperiment,HEK_Experiment_0,2,0,10,HEKGetImage,28867252,success,28867263,iPSsimulation/results/2024-11-13_real_round3/step_00000131/result.csv
IPSExperiment,iPS_Experiment_2,1,0,10,iPSGetImage,28867263,success,28867274,iPSsimulation/results/2024-11-13_real_round3/step_00000132/result.csv
IPSExperiment,iPS_Experiment_2,1,1,20,iPSMediumChange,28867273,success,28867291,iPSsimulation/results/2024-11-13_real_round3/step_00000133/result.csv
HEKExperiment,HEK_Experiment_1,1,0,10,HEKGetImage,28867291,success,28867303,iPSsimulation/results/2024-11-13_real_round3/step_00000134/result.csv
HEKExperiment,HEK_Experiment_3,1,0,10,HEKGetImage,28867303,success,28867315,iPSsimulation/results/2024-11-13_real_round3/step_00000135/result.csv
HEKExperiment,HEK_Experiment_4,1,0,10,HEKGetImage,28867906,success,28867917,iPSsimulation/results/2024-11-13_real_round3/step_00000136/result.csv
HEKExperiment,HEK_Experiment_2,1,0,10,HEKGetImage,28867918,success,28867929,iPSsimulation/results/2024-11-13_real_round3/step_00000137/result.csv
IPSExperiment,iPS_Experiment_3,1,0,10,iPSGetImage,28867942,success,28867952,iPSsimulation/results/2024-11-13_real_round3/step_00000138/result.csv
IPSExperiment,iPS_Experiment_3,1,1,20,iPSMediumChange,28867952,success,28867969,iPSsimulation/results/2024-11-13_real_round3/step_00000139/result.csv
IPSExperiment,iPS_Experiment_4,1,0,10,iPSGetImage,28867970,success,28867981,iPSsimulation/results/2024-11-13_real_round3/step_00000140/result.csv
IPSExperiment,iPS_Experiment_4,1,1,20,iPSMediumChange,28867980,success,28867997,iPSsimulation/results/2024-11-13_real_round3/step_00000141/result.csv
HEKExperiment,HEK_Experiment_2,4,0,10,HEKGetImage,28867997,success,28868009,iPSsimulation/results/2024-11-13_real_round3/step_00000142/result.csv
HEKExperiment,HEK_Experiment_2,4,1,60,HEKPassage,28868007,success,28868055,iPSsimulation/results/2024-11-13_real_round3/step_00000143/result.csv
HEKExperiment,HEK_Experiment_0,1,0,10,HEKGetImage,28868067,success,28868078,iPSsimulation/results/2024-11-13_real_round3/step_00000144/result.csv
HEKExperiment,HEK_Experiment_1,2,0,10,HEKGetImage,28868078,success,28868090,iPSsimulation/results/2024-11-13_real_round3/step_00000145/result.csv
HEKExperiment,HEK_Experiment_3,2,0,10,HEKGetImage,28868090,success,28868102,iPSsimulation/results/2024-11-13_real_round3/step_00000146/result.csv
LabwareRefillExperiment,54326bba-120b-4e49-87fc-693a5bb0f8b5,0,3,120,LabwareRefill,28868100,success,28868103,iPSsimulation/results/2024-11-13_real_round3/step_00000147/result.csv
HEKExperiment,HEK_Experiment_1,2,0,10,HEKGetImage,28868220,success,28868231,iPSsimulation/results/2024-11-13_real_round3/step_00000152/result.csv
HEKExperiment,HEK_Experiment_1,2,1,60,HEKPassage,28868230,success,28868276,iPSsimulation/results/2024-11-13_real_round3/step_00000153/result.csv
HEKExperiment,HEK_Experiment_3,3,0,10,HEKGetImage,28868290,success,28868301,iPSsimulation/results/2024-11-13_real_round3/step_00000154/result.csv
HEKExperiment,HEK_Experiment_3,3,1,60,HEKPassage,28868300,success,28868346,iPSsimulation/results/2024-11-13_real_round3/step_00000155/result.csv
HEKExperiment,HEK_Experiment_4,4,0,10,HEKGetImage,28868360,success,28868370,iPSsimulation/results/2024-11-13_real_round3/step_00000156/result.csv
HEKExperiment,HEK_Experiment_4,4,1,60,HEKPassage,28868370,success,28868416,iPSsimulation/results/2024-11-13_real_round3/step_00000157/result.csv
HEKExperiment,HEK_Experiment_0,5,0,10,HEKGetImage,28868430,success,28868441,iPSsimulation/results/2024-11-13_real_round3/step_00000158/result.csv
HEKExperiment,HEK_Experiment_0,5,1,60,HEKPassage,28868440,success,28868486,iPSsimulation/results/2024-11-13_real_round3/step_00000159/result.csv
IPSExperiment,iPS_Experiment_0,6,0,10,iPSGetImage,28868500,success,28868511,iPSsimulation/results/2024-11-13_real_round3/step_00000160/result.csv
IPSExperiment,iPS_Experiment_0,6,1,20,iPSMediumChange,28868510,success,28868527,iPSsimulation/results/2024-11-13_real_round3/step_00000161/result.csv
IPSExperiment,iPS_Experiment_1,6,0,10,iPSGetImage,28868666,success,28868677,iPSsimulation/results/2024-11-13_real_round3/step_00000162/result.csv
IPSExperiment,iPS_Experiment_1,6,1,20,iPSMediumChange,28868676,success,28868693,iPSsimulation/results/2024-11-13_real_round3/step_00000163/result.csv
IPSExperiment,iPS_Experiment_2,6,0,10,iPSGetImage,28868716,success,28868727,iPSsimulation/results/2024-11-13_real_round3/step_00000164/result.csv
IPSExperiment,iPS_Experiment_2,6,1,20,iPSMediumChange,28868726,success,28868743,iPSsimulation/results/2024-11-13_real_round3/step_00000165/result.csv
IPSExperiment,iPS_Experiment_3,6,0,10,iPSGetImage,28869394,success,28869405,iPSsimulation/results/2024-11-13_real_round3/step_00000166/result.csv
IPSExperiment,iPS_Experiment_3,6,1,20,iPSMediumChange,28869404,success,28869421,iPSsimulation/results/2024-11-13_real_round3/step_00000167/result.csv
IPSExperiment,iPS_Experiment_4,6,0,10,iPSGetImage,28869422,success,28869433,iPSsimulation/results/2024-11-13_real_round3/step_00000168/result.csv
IPSExperiment,iPS_Experiment_4,6,1,20,iPSMediumChange,28869432,success,28869450,iPSsimulation/results/2024-11-13_real_round3/step_00000169/result.csv
HEKExperiment,HEK_Experiment_2,3,2,10,HEKGetImage,28869507,success,28869518,iPSsimulation/results/2024-11-13_real_round3/step_00000170/result.csv
LabwareRefillExperiment,54326bba-120b-4e49-87fc-693a5bb0f8b5,0,4,120,LabwareRefill,28869540,success,28869540,iPSsimulation/results/2024-11-13_real_round3/step_00000171/result.csv
HEKExperiment,HEK_Experiment_1,1,2,10,HEKGetImage,28869730,success,28869740,iPSsimulation/results/2024-11-13_real_round3/step_00000172/result.csv
HEKExperiment,HEK_Experiment_3,1,2,10,HEKGetImage,28869800,success,28869811,iPSsimulation/results/2024-11-13_real_round3/step_00000173/result.csv
HEKExperiment,HEK_Experiment_4,1,2,10,HEKGetImage,28869870,success,28869881,iPSsimulation/results/2024-11-13_real_round3/step_00000174/result.csv
HEKExperiment,HEK_Experiment_0,1,2,10,HEKGetImage,28869940,success,28869950,iPSsimulation/results/2024-11-13_real_round3/step_00000175/result.csv
IPSExperiment,iPS_Experiment_0,1,0,10,iPSGetImage,28869952,success,28869963,iPSsimulation/results/2024-11-13_real_round3/step_00000176/result.csv
IPSExperiment,iPS_Experiment_0,1,1,20,iPSMediumChange,28869962,success,28869979,iPSsimulation/results/2024-11-13_real_round3/step_00000177/result.csv
IPSExperiment,iPS_Experiment_0,10,0,20,iPSPlateCoating,28869979,success,28869996,iPSsimulation/results/2024-11-13_real_round3/step_00000178/result.csv
IPSExperiment,iPS_Experiment_0,10,1,10,iPSGetImage,28870059,success,28870070,iPSsimulation/results/2024-11-13_real_round3/step_00000179/result.csv
IPSExperiment,iPS_Experiment_0,10,2,80,iPSPassage,28870069,success,28870146,iPSsimulation/results/2024-11-13_real_round3/step_00000180/result.csv
IPSExperiment,iPS_Experiment_1,1,0,10,iPSGetImage,28870146,success,28870158,iPSsimulation/results/2024-11-13_real_round3/step_00000181/result.csv
IPSExperiment,iPS_Experiment_1,1,1,20,iPSMediumChange,28870156,success,28870174,iPSsimulation/results/2024-11-13_real_round3/step_00000182/result.csv
IPSExperiment,iPS_Experiment_2,1,0,10,iPSGetImage,28870174,success,28870186,iPSsimulation/results/2024-11-13_real_round3/step_00000183/result.csv
IPSExperiment,iPS_Experiment_2,1,1,20,iPSMediumChange,28870184,success,28870203,iPSsimulation/results/2024-11-13_real_round3/step_00000184/result.csv
IPSExperiment,iPS_Experiment_1,1,0,20,iPSPlateCoating,28870206,success,28870222,iPSsimulation/results/2024-11-13_real_round3/step_00000185/result.csv
HEKExperiment,HEK_Experiment_2,2,0,10,HEKGetImage,28870227,success,28870238,iPSsimulation/results/2024-11-13_real_round3/step_00000186/result.csv
IPSExperiment,iPS_Experiment_1,1,1,10,iPSGetImage,28870286,success,28870296,iPSsimulation/results/2024-11-13_real_round3/step_00000187/result.csv
IPSExperiment,iPS_Experiment_1,1,2,80,iPSPassage,28870296,success,28870373,iPSsimulation/results/2024-11-13_real_round3/step_00000188/result.csv
HEKExperiment,HEK_Experiment_1,1,0,10,HEKGetImage,28870450,success,28870461,iPSsimulation/results/2024-11-13_real_round3/step_00000189/result.csv
HEKExperiment,HEK_Experiment_3,1,0,10,HEKGetImage,28870520,success,28870530,iPSsimulation/results/2024-11-13_real_round3/step_00000190/result.csv
HEKExperiment,HEK_Experiment_4,1,0,10,HEKGetImage,28870590,success,28870600,iPSsimulation/results/2024-11-13_real_round3/step_00000191/result.csv
HEKExperiment,HEK_Experiment_0,1,0,10,HEKGetImage,28870660,success,28870671,iPSsimulation/results/2024-11-13_real_round3/step_00000192/result.csv
IPSExperiment,iPS_Experiment_3,1,0,10,iPSGetImage,28870846,success,28870857,iPSsimulation/results/2024-11-13_real_round3/step_00000193/result.csv
IPSExperiment,iPS_Experiment_3,1,1,20,iPSMediumChange,28870856,success,28870873,iPSsimulation/results/2024-11-13_real_round3/step_00000194/result.csv
IPSExperiment,iPS_Experiment_4,1,0,10,iPSGetImage,28870874,success,28870885,iPSsimulation/results/2024-11-13_real_round3/step_00000195/result.csv
IPSExperiment,iPS_Experiment_4,1,1,20,iPSMediumChange,28870884,success,28870901,iPSsimulation/results/2024-11-13_real_round3/step_00000196/result.csv
HEKExperiment,HEK_Experiment_2,1,0,10,HEKGetImage,28870947,success,28870958,iPSsimulation/results/2024-11-13_real_round3/step_00000197/result.csv
LabwareRefillExperiment,54326bba-120b-4e49-87fc-693a5bb0f8b5,0,5,120,LabwareRefill,28870980,success,28870980,iPSsimulation/results/2024-11-13_real_round3/step_00000198/result.csv
IPSExperiment,iPS_Experiment_4,1,0,20,iPSPlateCoating,28871100,success,28871116,iPSsimulation/results/2024-11-13_real_round3/step_00000199/result.csv
HEKExperiment,HEK_Experiment_1,2,0,10,HEKGetImage,28871170,success,28871181,iPSsimulation/results/2024-11-13_real_round3/step_00000200/result.csv
IPSExperiment,iPS_Experiment_4,1,1,10,iPSGetImage,28871180,success,28871193,iPSsimulation/results/2024-11-13_real_round3/step_00000201/result.csv
IPSExperiment,iPS_Experiment_4,1,2,80,iPSPassage,28871190,success,28871270,iPSsimulation/results/2024-11-13_real_round3/step_00000202/result.csv
HEKExperiment,HEK_Experiment_3,1,0,10,HEKGetImage,28871270,success,28871282,iPSsimulation/results/2024-11-13_real_round3/step_00000203/result.csv
HEKExperiment,HEK_Experiment_1,1,0,10,HEKGetImage,28871282,success,28871294,iPSsimulation/results/2024-11-13_real_round3/step_00000204/result.csv
HEKExperiment,HEK_Experiment_1,1,1,60,HEKPassage,28871292,success,28871339,iPSsimulation/results/2024-11-13_real_round3/step_00000205/result.csv
HEKExperiment,HEK_Experiment_4,2,0,10,HEKGetImage,28871352,success,28871363,iPSsimulation/results/2024-11-13_real_round3/step_00000206/result.csv
HEKExperiment,HEK_Experiment_3,2,0,10,HEKGetImage,28871363,success,28871375,iPSsimulation/results/2024-11-13_real_round3/step_00000207/result.csv
HEKExperiment,HEK_Experiment_3,2,1,60,HEKPassage,28871373,success,28871420,iPSsimulation/results/2024-11-13_real_round3/step_00000208/result.csv
IPSExperiment,iPS_Experiment_3,4,0,20,iPSPlateCoating,28871434,success,28871450,iPSsimulation/results/2024-11-13_real_round3/step_00000209/result.csv
HEKExperiment,HEK_Experiment_0,3,0,10,HEKGetImage,28871454,success,28871464,iPSsimulation/results/2024-11-13_real_round3/step_00000210/result.csv
IPSExperiment,iPS_Experiment_0,5,0,10,iPSGetImage,28871484,success,28871495,iPSsimulation/results/2024-11-13_real_round3/step_00000211/result.csv
IPSExperiment,iPS_Experiment_0,5,1,20,iPSMediumChange,28871494,success,28871511,iPSsimulation/results/2024-11-13_real_round3/step_00000212/result.csv
IPSExperiment,iPS_Experiment_3,3,1,10,iPSGetImage,28871514,success,28871524,iPSsimulation/results/2024-11-13_real_round3/step_00000213/result.csv
IPSExperiment,iPS_Experiment_3,3,2,80,iPSPassage,28871524,success,28871601,iPSsimulation/results/2024-11-13_real_round3/step_00000214/result.csv
HEKExperiment,HEK_Experiment_0,4,0,10,HEKGetImage,28871601,success,28871613,iPSsimulation/results/2024-11-13_real_round3/step_00000215/result.csv
HEKExperiment,HEK_Experiment_0,4,1,60,HEKPassage,28871611,success,28871659,iPSsimulation/results/2024-11-13_real_round3/step_00000216/result.csv
HEKExperiment,HEK_Experiment_2,5,0,10,HEKGetImage,28871671,success,28871681,iPSsimulation/results/2024-11-13_real_round3/step_00000217/result.csv
HEKExperiment,HEK_Experiment_2,5,1,60,HEKPassage,28871681,success,28871727,iPSsimulation/results/2024-11-13_real_round3/step_00000218/result.csv
IPSExperiment,iPS_Experiment_2,6,0,10,iPSGetImage,28871741,success,28871752,iPSsimulation/results/2024-11-13_real_round3/step_00000219/result.csv
IPSExperiment,iPS_Experiment_2,6,1,20,iPSMediumChange,28871751,success,28871768,iPSsimulation/results/2024-11-13_real_round3/step_00000220/result.csv
HEKExperiment,HEK_Experiment_4,7,0,10,HEKGetImage,28871768,success,28871780,iPSsimulation/results/2024-11-13_real_round3/step_00000221/result.csv
HEKExperiment,HEK_Experiment_4,7,1,60,HEKPassage,28871778,success,28871825,iPSsimulation/results/2024-11-13_real_round3/step_00000222/result.csv
IPSExperiment,iPS_Experiment_2,10,0,20,iPSPlateCoating,28871838,success,28871854,iPSsimulation/results/2024-11-13_real_round3/step_00000223/result.csv
IPSExperiment,iPS_Experiment_1,6,0,10,iPSGetImage,28871858,success,28871868,iPSsimulation/results/2024-11-13_real_round3/step_00000224/result.csv
IPSExperiment,iPS_Experiment_1,6,1,20,iPSMediumChange,28871868,success,28871885,iPSsimulation/results/2024-11-13_real_round3/step_00000225/result.csv
IPSExperiment,iPS_Experiment_2,10,1,10,iPSGetImage,28871918,success,28871929,iPSsimulation/results/2024-11-13_real_round3/step_00000226/result.csv
IPSExperiment,iPS_Experiment_2,10,2,80,iPSPassage,28871928,success,28872057,iPSsimulation/results/2024-11-13_real_round3/step_00000227/result.csv
LabwareRefillExperiment,54326bba-120b-4e49-87fc-693a5bb0f8b5,0,6,120,LabwareRefill,28872420,success,28872420,iPSsimulation/results/2024-11-13_real_round3/step_00000228/result.csv
IPSExperiment,iPS_Experiment_4,8,0,10,iPSGetImage,28872634,success,28872644,iPSsimulation/results/2024-11-13_real_round3/step_00000229/result.csv
IPSExperiment,iPS_Experiment_4,8,1,20,iPSMediumChange,28872644,success,28872661,iPSsimulation/results/2024-11-13_real_round3/step_00000230/result.csv
HEKExperiment,HEK_Experiment_1,4,0,10,HEKGetImage,28872840,success,28872850,iPSsimulation/results/2024-11-13_real_round3/step_00000243/result.csv
HEKExperiment,HEK_Experiment_3,4,0,10,HEKGetImage,28872850,success,28872863,iPSsimulation/results/2024-11-13_real_round3/step_00000244/result.csv
HEKExperiment,HEK_Experiment_3,10,0,0,HEKWaiting,28872863,success,28872864,iPSsimulation/results/2024-11-13_real_round3/step_00000245/result.csv
IPSExperiment,iPS_Experiment_0,1,2,10,iPSGetImage,28872954,success,28872965,iPSsimulation/results/2024-11-13_real_round3/step_00000246/result.csv
IPSExperiment,iPS_Experiment_3,3,0,10,iPSGetImage,28872966,success,28872977,iPSsimulation/results/2024-11-13_real_round3/step_00000247/result.csv
IPSExperiment,iPS_Experiment_3,3,1,20,iPSMediumChange,28872976,success,28872993,iPSsimulation/results/2024-11-13_real_round3/step_00000248/result.csv
HEKExperiment,HEK_Experiment_0,4,0,10,HEKGetImage,28873055,success,28873066,iPSsimulation/results/2024-11-13_real_round3/step_00000249/result.csv
HEKExperiment,HEK_Experiment_0,10,0,0,HEKWaiting,28873066,success,28873067,iPSsimulation/results/2024-11-13_real_round3/step_00000250/result.csv
HEKExperiment,HEK_Experiment_2,4,0,10,HEKGetImage,28873123,success,28873134,iPSsimulation/results/2024-11-13_real_round3/step_00000251/result.csv
HEKExperiment,HEK_Experiment_4,4,0,10,HEKGetImage,28873221,success,28873232,iPSsimulation/results/2024-11-13_real_round3/step_00000252/result.csv
IPSExperiment,iPS_Experiment_1,1,2,10,iPSGetImage,28873328,success,28873339,iPSsimulation/results/2024-11-13_real_round3/step_00000253/result.csv
IPSExperiment,iPS_Experiment_2,4,0,10,iPSGetImage,28873370,success,28873380,iPSsimulation/results/2024-11-13_real_round3/step_00000254/result.csv
IPSExperiment,iPS_Experiment_2,4,1,20,iPSMediumChange,28873380,success,28873397,iPSsimulation/results/2024-11-13_real_round3/step_00000255/result.csv
HEKExperiment,HEK_Experiment_3,3,0,10,HEKGetImage,28873501,success,28873511,iPSsimulation/results/2024-11-13_real_round3/step_00000256/result.csv
HEKExperiment,HEK_Experiment_3,3,1,40,HEKSampling,28873511,success,28873530,iPSsimulation/results/2024-11-13_real_round3/step_00000257/result.csv
HEKExperiment,HEK_Experiment_0,5,0,10,HEKGetImage,28873530,success,28873547,iPSsimulation/results/2024-11-13_real_round3/step_00000259/result.csv
HEKExperiment,HEK_Experiment_0,5,1,40,HEKSampling,28873540,success,28873564,iPSsimulation/results/2024-11-13_real_round3/step_00000260/result.csv
HEKExperiment,HEK_Experiment_1,6,0,10,HEKGetImage,28873564,success,28873580,iPSsimulation/results/2024-11-13_real_round3/step_00000262/result.csv
HEKExperiment,HEK_Experiment_2,4,0,10,HEKGetImage,28873796,success,28873807,iPSsimulation/results/2024-11-13_real_round3/step_00000263/result.csv
HEKExperiment,HEK_Experiment_1,4,0,10,HEKGetImage,28873807,success,28873819,iPSsimulation/results/2024-11-13_real_round3/step_00000264/result.csv
HEKExperiment,HEK_Experiment_1,4,1,40,HEKSampling,28873817,success,28873836,iPSsimulation/results/2024-11-13_real_round3/step_00000265/result.csv
LabwareRefillExperiment,54326bba-120b-4e49-87fc-693a5bb0f8b5,0,7,120,LabwareRefill,28873860,success,28873860,iPSsimulation/results/2024-11-13_real_round3/step_00000267/result.csv
HEKExperiment,HEK_Experiment_4,5,0,10,HEKGetImage,28873980,success,28873991,iPSsimulation/results/2024-11-13_real_round3/step_00000268/result.csv
IPSExperiment,iPS_Experiment_4,1,2,10,iPSGetImage,28874104,success,28874115,iPSsimulation/results/2024-11-13_real_round3/step_00000269/result.csv
IPSExperiment,iPS_Experiment_0,5,0,10,iPSGetImage,28874394,success,28874404,iPSsimulation/results/2024-11-13_real_round3/step_00000270/result.csv
IPSExperiment,iPS_Experiment_0,5,1,20,iPSMediumChange,28874404,success,28874421,iPSsimulation/results/2024-11-13_real_round3/step_00000271/result.csv
IPSExperiment,iPS_Experiment_3,1,2,10,iPSGetImage,28874436,success,28874447,iPSsimulation/results/2024-11-13_real_round3/step_00000272/result.csv
IPSExperiment,iPS_Experiment_1,4,0,10,iPSGetImage,28874768,success,28874780,iPSsimulation/results/2024-11-13_real_round3/step_00000273/result.csv
IPSExperiment,iPS_Experiment_1,4,1,20,iPSMediumChange,28874778,success,28874796,iPSsimulation/results/2024-11-13_real_round3/step_00000274/result.csv
IPSExperiment,iPS_Experiment_2,1,2,10,iPSGetImage,28874840,success,28874851,iPSsimulation/results/2024-11-13_real_round3/step_00000275/result.csv
HEKExperiment,HEK_Experiment_2,1,0,10,HEKGetImage,28874941,success,28874951,iPSsimulation/results/2024-11-13_real_round3/step_00000276/result.csv
HEKExperiment,HEK_Experiment_2,1,1,40,HEKSampling,28874951,success,28874969,iPSsimulation/results/2024-11-13_real_round3/step_00000277/result.csv
HEKExperiment,HEK_Experiment_4,2,0,10,HEKGetImage,28874969,success,28874992,iPSsimulation/results/2024-11-13_real_round3/step_00000279/result.csv
HEKExperiment,HEK_Experiment_4,2,1,40,HEKSampling,28874979,success,28875009,iPSsimulation/results/2024-11-13_real_round3/step_00000280/result.csv
LabwareRefillExperiment,54326bba-120b-4e49-87fc-693a5bb0f8b5,0,8,120,LabwareRefill,28875300,success,28875300,iPSsimulation/results/2024-11-13_real_round3/step_00000282/result.csv
IPSExperiment,iPS_Experiment_4,3,0,10,iPSGetImage,28875544,success,28875555,iPSsimulation/results/2024-11-13_real_round3/step_00000283/result.csv
IPSExperiment,iPS_Experiment_4,3,1,20,iPSMediumChange,28875554,success,28875571,iPSsimulation/results/2024-11-13_real_round3/step_00000284/result.csv
IPSExperiment,iPS_Experiment_0,1,0,10,iPSGetImage,28875846,success,28875857,iPSsimulation/results/2024-11-13_real_round3/step_00000285/result.csv
IPSExperiment,iPS_Experiment_0,1,1,20,iPSMediumChange,28875856,success,28875873,iPSsimulation/results/2024-11-13_real_round3/step_00000286/result.csv
IPSExperiment,iPS_Experiment_3,1,0,10,iPSGetImage,28875876,success,28875886,iPSsimulation/results/2024-11-13_real_round3/step_00000287/result.csv
IPSExperiment,iPS_Experiment_3,1,1,20,iPSMediumChange,28875886,success,28875902,iPSsimulation/results/2024-11-13_real_round3/step_00000288/result.csv
IPSExperiment,iPS_Experiment_1,1,0,10,iPSGetImage,28876221,success,28876231,iPSsimulation/results/2024-11-13_real_round3/step_00000289/result.csv
IPSExperiment,iPS_Experiment_1,1,1,20,iPSMediumChange,28876231,success,28876247,iPSsimulation/results/2024-11-13_real_round3/step_00000290/result.csv
IPSExperiment,iPS_Experiment_2,1,0,10,iPSGetImage,28876280,success,28876291,iPSsimulation/results/2024-11-13_real_round3/step_00000291/result.csv
IPSExperiment,iPS_Experiment_2,1,1,20,iPSMediumChange,28876290,success,28876307,iPSsimulation/results/2024-11-13_real_round3/step_00000292/result.csv
LabwareRefillExperiment,54326bba-120b-4e49-87fc-693a5bb0f8b5,0,9,120,LabwareRefill,28876740,success,28876740,iPSsimulation/results/2024-11-13_real_round3/step_00000293/result.csv
IPSExperiment,iPS_Experiment_4,1,0,10,iPSGetImage,28876995,success,28877005,iPSsimulation/results/2024-11-13_real_round3/step_00000294/result.csv
IPSExperiment,iPS_Experiment_4,1,1,20,iPSMediumChange,28877005,success,28877021,iPSsimulation/results/2024-11-13_real_round3/step_00000295/result.csv
IPSExperiment,iPS_Experiment_0,1,0,10,iPSGetImage,28877297,success,28877308,iPSsimulation/results/2024-11-13_real_round3/step_00000296/result.csv
IPSExperiment,iPS_Experiment_0,1,1,20,iPSMediumChange,28877307,success,28877324,iPSsimulation/results/2024-11-13_real_round3/step_00000297/result.csv
IPSExperiment,iPS_Experiment_3,1,0,10,iPSGetImage,28877327,success,28877337,iPSsimulation/results/2024-11-13_real_round3/step_00000298/result.csv
IPSExperiment,iPS_Experiment_3,1,1,20,iPSMediumChange,28877337,success,28877354,iPSsimulation/results/2024-11-13_real_round3/step_00000299/result.csv
IPSExperiment,iPS_Experiment_1,1,0,10,iPSGetImage,28877672,success,28877683,iPSsimulation/results/2024-11-13_real_round3/step_00000300/result.csv
IPSExperiment,iPS_Experiment_1,1,1,20,iPSMediumChange,28877682,success,28877699,iPSsimulation/results/2024-11-13_real_round3/step_00000301/result.csv
IPSExperiment,iPS_Experiment_2,1,0,10,iPSGetImage,28877731,success,28877742,iPSsimulation/results/2024-11-13_real_round3/step_00000302/result.csv
IPSExperiment,iPS_Experiment_2,1,1,20,iPSMediumChange,28877741,success,28877758,iPSsimulation/results/2024-11-13_real_round3/step_00000303/result.csv
LabwareRefillExperiment,54326bba-120b-4e49-87fc-693a5bb0f8b5,0,10,120,LabwareRefill,28878180,success,28878180,iPSsimulation/results/2024-11-13_real_round3/step_00000304/result.csv
IPSExperiment,iPS_Experiment_4,1,0,10,iPSGetImage,28878446,success,28878457,iPSsimulation/results/2024-11-13_real_round3/step_00000305/result.csv
IPSExperiment,iPS_Experiment_4,1,1,20,iPSMediumChange,28878456,success,28878473,iPSsimulation/results/2024-11-13_real_round3/step_00000306/result.csv
IPSExperiment,iPS_Experiment_0,1,0,10,iPSGetImage,28878748,success,28878759,iPSsimulation/results/2024-11-13_real_round3/step_00000307/result.csv
IPSExperiment,iPS_Experiment_0,1,1,20,iPSMediumChange,28878758,success,28878775,iPSsimulation/results/2024-11-13_real_round3/step_00000308/result.csv
IPSExperiment,iPS_Experiment_3,1,0,10,iPSGetImage,28878778,success,28878789,iPSsimulation/results/2024-11-13_real_round3/step_00000309/result.csv
IPSExperiment,iPS_Experiment_3,1,1,20,iPSMediumChange,28878788,success,28878805,iPSsimulation/results/2024-11-13_real_round3/step_00000310/result.csv
IPSExperiment,iPS_Experiment_1,1,0,10,iPSGetImage,28879123,success,28879135,iPSsimulation/results/2024-11-13_real_round3/step_00000311/result.csv
IPSExperiment,iPS_Experiment_1,1,1,20,iPSMediumChange,28879133,success,28879151,iPSsimulation/results/2024-11-13_real_round3/step_00000312/result.csv
IPSExperiment,iPS_Experiment_2,1,0,10,iPSGetImage,28879182,success,28879193,iPSsimulation/results/2024-11-13_real_round3/step_00000313/result.csv
IPSExperiment,iPS_Experiment_2,1,1,20,iPSMediumChange,28879192,success,28879209,iPSsimulation/results/2024-11-13_real_round3/step_00000314/result.csv
LabwareRefillExperiment,54326bba-120b-4e49-87fc-693a5bb0f8b5,0,11,120,LabwareRefill,28879620,success,28879620,iPSsimulation/results/2024-11-13_real_round3/step_00000315/result.csv
IPSExperiment,iPS_Experiment_4,1,0,10,iPSGetImage,28879897,success,28879907,iPSsimulation/results/2024-11-13_real_round3/step_00000316/result.csv
IPSExperiment,iPS_Experiment_4,1,1,20,iPSMediumChange,28879907,success,28879923,iPSsimulation/results/2024-11-13_real_round3/step_00000317/result.csv
IPSExperiment,iPS_Experiment_0,1,0,10,iPSGetImage,28880199,success,28880209,iPSsimulation/results/2024-11-13_real_round3/step_00000318/result.csv
IPSExperiment,iPS_Experiment_0,1,1,20,iPSMediumChange,28880209,success,28880225,iPSsimulation/results/2024-11-13_real_round3/step_00000319/result.csv
IPSExperiment,iPS_Experiment_3,1,0,10,iPSGetImage,28880229,success,28880240,iPSsimulation/results/2024-11-13_real_round3/step_00000320/result.csv
IPSExperiment,iPS_Experiment_3,1,1,20,iPSMediumChange,28880239,success,28880256,iPSsimulation/results/2024-11-13_real_round3/step_00000321/result.csv
IPSExperiment,iPS_Experiment_1,1,0,10,iPSGetImage,28880576,success,28880587,iPSsimulation/results/2024-11-13_real_round3/step_00000322/result.csv
IPSExperiment,iPS_Experiment_1,1,1,20,iPSMediumChange,28880586,success,28880603,iPSsimulation/results/2024-11-13_real_round3/step_00000323/result.csv
IPSExperiment,iPS_Experiment_2,1,0,10,iPSGetImage,28880634,success,28880644,iPSsimulation/results/2024-11-13_real_round3/step_00000324/result.csv
IPSExperiment,iPS_Experiment_2,1,1,20,iPSMediumChange,28880644,success,28880660,iPSsimulation/results/2024-11-13_real_round3/step_00000325/result.csv
LabwareRefillExperiment,54326bba-120b-4e49-87fc-693a5bb0f8b5,0,12,120,LabwareRefill,28881060,success,28881060,iPSsimulation/results/2024-11-13_real_round3/step_00000326/result.csv
IPSExperiment,iPS_Experiment_4,1,0,10,iPSGetImage,28881348,success,28881359,iPSsimulation/results/2024-11-13_real_round3/step_00000327/result.csv
IPSExperiment,iPS_Experiment_4,1,1,20,iPSMediumChange,28881358,success,28881375,iPSsimulation/results/2024-11-13_real_round3/step_00000328/result.csv
IPSExperiment,iPS_Experiment_0,1,0,10,iPSGetImage,28881650,success,28881660,iPSsimulation/results/2024-11-13_real_round3/step_00000329/result.csv
IPSExperiment,iPS_Experiment_0,1,1,20,iPSMediumChange,28881660,success,28881676,iPSsimulation/results/2024-11-13_real_round3/step_00000330/result.csv
IPSExperiment,iPS_Experiment_3,1,0,10,iPSGetImage,28881680,success,28881690,iPSsimulation/results/2024-11-13_real_round3/step_00000331/result.csv
IPSExperiment,iPS_Experiment_3,1,1,20,iPSMediumChange,28881690,success,28881706,iPSsimulation/results/2024-11-13_real_round3/step_00000332/result.csv
IPSExperiment,iPS_Experiment_1,1,0,10,iPSGetImage,28882028,success,28882038,iPSsimulation/results/2024-11-13_real_round3/step_00000333/result.csv
IPSExperiment,iPS_Experiment_1,1,1,20,iPSMediumChange,28882038,success,28882055,iPSsimulation/results/2024-11-13_real_round3/step_00000334/result.csv
IPSExperiment,iPS_Experiment_2,1,0,10,iPSGetImage,28882085,success,28882096,iPSsimulation/results/2024-11-13_real_round3/step_00000335/result.csv
IPSExperiment,iPS_Experiment_2,1,1,20,iPSMediumChange,28882095,success,28882112,iPSsimulation/results/2024-11-13_real_round3/step_00000336/result.csv
LabwareRefillExperiment,54326bba-120b-4e49-87fc-693a5bb0f8b5,0,13,120,LabwareRefill,28882500,success,28882500,iPSsimulation/results/2024-11-13_real_round3/step_00000337/result.csv
IPSExperiment,iPS_Experiment_4,1,0,10,iPSGetImage,28882800,success,28882811,iPSsimulation/results/2024-11-13_real_round3/step_00000338/result.csv
IPSExperiment,iPS_Experiment_4,1,1,20,iPSMediumChange,28882810,success,28882827,iPSsimulation/results/2024-11-13_real_round3/step_00000339/result.csv
IPSExperiment,iPS_Experiment_0,1,0,10,iPSGetImage,28883101,success,28883112,iPSsimulation/results/2024-11-13_real_round3/step_00000340/result.csv
IPSExperiment,iPS_Experiment_0,1,1,20,iPSMediumChange,28883111,success,28883128,iPSsimulation/results/2024-11-13_real_round3/step_00000341/result.csv
IPSExperiment,iPS_Experiment_3,1,0,10,iPSGetImage,28883131,success,28883142,iPSsimulation/results/2024-11-13_real_round3/step_00000342/result.csv
IPSExperiment,iPS_Experiment_3,1,1,20,iPSMediumChange,28883141,success,28883158,iPSsimulation/results/2024-11-13_real_round3/step_00000343/result.csv
LabwareRefillExperiment,54326bba-120b-4e49-87fc-693a5bb0f8b5,0,14,120,LabwareRefill,28883940,success,28884394,iPSsimulation/results/2024-11-13_real_round3/step_00000346/result.csv
IPSExperiment,iPS_Experiment_3,2,0,20,iPSPlateCoating,28884423,success,28884439,iPSsimulation/results/2024-11-13_real_round3/step_00000349/result.csv
IPSExperiment,iPS_Experiment_3,1,1,10,iPSGetImage,28884503,success,28884513,iPSsimulation/results/2024-11-13_real_round3/step_00000352/result.csv
IPSExperiment,iPS_Experiment_3,1,2,80,iPSPassage,28884513,success,28884600,iPSsimulation/results/2024-11-13_real_round3/step_00000353/result.csv
IPSExperiment,iPS_Experiment_2,1,0,10,iPSGetImage,28884600,success,28884612,iPSsimulation/results/2024-11-13_real_round3/step_00000354/result.csv
IPSExperiment,iPS_Experiment_2,1,1,20,iPSMediumChange,28884610,success,28884628,iPSsimulation/results/2024-11-13_real_round3/step_00000355/result.csv
IPSExperiment,iPS_Experiment_2,4,0,20,iPSPlateCoating,28884628,success,28884645,iPSsimulation/results/2024-11-13_real_round3/step_00000356/result.csv
IPSExperiment,iPS_Experiment_4,1,0,10,iPSGetImage,28884648,success,28884658,iPSsimulation/results/2024-11-13_real_round3/step_00000357/result.csv
IPSExperiment,iPS_Experiment_4,1,1,20,iPSMediumChange,28884658,success,28884675,iPSsimulation/results/2024-11-13_real_round3/step_00000358/result.csv
IPSExperiment,iPS_Experiment_0,2,0,10,iPSGetImage,28884675,success,28884686,iPSsimulation/results/2024-11-13_real_round3/step_00000359/result.csv
IPSExperiment,iPS_Experiment_0,2,1,20,iPSMediumChange,28884685,success,28884703,iPSsimulation/results/2024-11-13_real_round3/step_00000360/result.csv
IPSExperiment,iPS_Experiment_2,1,1,10,iPSGetImage,28884708,success,28884718,iPSsimulation/results/2024-11-13_real_round3/step_00000361/result.csv
IPSExperiment,iPS_Experiment_2,1,2,80,iPSPassage,28884718,success,28884795,iPSsimulation/results/2024-11-13_real_round3/step_00000362/result.csv
LabwareRefillExperiment,54326bba-120b-4e49-87fc-693a5bb0f8b5,0,15,120,LabwareRefill,28885380,success,28885380,iPSsimulation/results/2024-11-13_real_round3/step_00000363/result.csv
IPSExperiment,iPS_Experiment_3,1,0,10,iPSGetImage,28885964,success,28885975,iPSsimulation/results/2024-11-13_real_round3/step_00000364/result.csv
IPSExperiment,iPS_Experiment_3,1,1,20,iPSMediumChange,28885974,success,28885991,iPSsimulation/results/2024-11-13_real_round3/step_00000365/result.csv
IPSExperiment,iPS_Experiment_4,2,0,10,iPSGetImage,28886099,success,28886109,iPSsimulation/results/2024-11-13_real_round3/step_00000366/result.csv
IPSExperiment,iPS_Experiment_4,2,1,20,iPSMediumChange,28886109,success,28886126,iPSsimulation/results/2024-11-13_real_round3/step_00000367/result.csv
IPSExperiment,iPS_Experiment_0,2,0,10,iPSGetImage,28886127,success,28886138,iPSsimulation/results/2024-11-13_real_round3/step_00000368/result.csv
IPSExperiment,iPS_Experiment_0,2,1,20,iPSMediumChange,28886137,success,28886154,iPSsimulation/results/2024-11-13_real_round3/step_00000369/result.csv
IPSExperiment,iPS_Experiment_2,2,0,10,iPSGetImage,28886159,success,28886169,iPSsimulation/results/2024-11-13_real_round3/step_00000370/result.csv
IPSExperiment,iPS_Experiment_2,2,1,20,iPSMediumChange,28886169,success,28886186,iPSsimulation/results/2024-11-13_real_round3/step_00000371/result.csv
LabwareRefillExperiment,54326bba-120b-4e49-87fc-693a5bb0f8b5,0,16,120,LabwareRefill,28886820,success,28886820,iPSsimulation/results/2024-11-13_real_round3/step_00000372/result.csv
IPSExperiment,iPS_Experiment_0,4,0,20,iPSPlateCoating,28887145,success,28887161,iPSsimulation/results/2024-11-13_real_round3/step_00000373/result.csv
IPSExperiment,iPS_Experiment_0,4,1,10,iPSGetImage,28887225,success,28887236,iPSsimulation/results/2024-11-13_real_round3/step_00000374/result.csv
IPSExperiment,iPS_Experiment_0,4,2,80,iPSPassage,28887235,success,28887312,iPSsimulation/results/2024-11-13_real_round3/step_00000375/result.csv
IPSExperiment,iPS_Experiment_3,1,2,10,iPSGetImage,28887434,success,28887445,iPSsimulation/results/2024-11-13_real_round3/step_00000376/result.csv
IPSExperiment,iPS_Experiment_4,2,0,10,iPSGetImage,28887550,success,28887560,iPSsimulation/results/2024-11-13_real_round3/step_00000377/result.csv
IPSExperiment,iPS_Experiment_4,2,1,20,iPSMediumChange,28887560,success,28887577,iPSsimulation/results/2024-11-13_real_round3/step_00000378/result.csv
IPSExperiment,iPS_Experiment_2,1,2,10,iPSGetImage,28887629,success,28887640,iPSsimulation/results/2024-11-13_real_round3/step_00000379/result.csv
LabwareRefillExperiment,54326bba-120b-4e49-87fc-693a5bb0f8b5,0,17,120,LabwareRefill,28888260,success,28888260,iPSsimulation/results/2024-11-13_real_round3/step_00000380/result.csv
IPSExperiment,iPS_Experiment_0,1,0,10,iPSGetImage,28888677,success,28888688,iPSsimulation/results/2024-11-13_real_round3/step_00000381/result.csv
IPSExperiment,iPS_Experiment_0,1,1,20,iPSMediumChange,28888687,success,28888704,iPSsimulation/results/2024-11-13_real_round3/step_00000382/result.csv
IPSExperiment,iPS_Experiment_4,2,0,10,iPSGetImage,28889480,success,28889490,iPSsimulation/results/2024-11-13_real_round3/step_00000387/result.csv
IPSExperiment,iPS_Experiment_4,2,0,10,iPSGetImage,28889480,success,28889490,iPSsimulation/results/2024-11-13_real_round3/step_00000387/result.csv
IPSExperiment,iPS_Experiment_4,2,1,20,iPSMediumChange,28889490,success,28889509,iPSsimulation/results/2024-11-13_real_round3/step_00000389/result.csv
IPSExperiment,iPS_Experiment_2,2,0,10,iPSGetImage,28889509,success,28889521,iPSsimulation/results/2024-11-13_real_round3/step_00000390/result.csv
IPSExperiment,iPS_Experiment_2,2,1,20,iPSMediumChange,28889519,success,28889537,iPSsimulation/results/2024-11-13_real_round3/step_00000391/result.csv
LabwareRefillExperiment,54326bba-120b-4e49-87fc-693a5bb0f8b5,0,18,120,LabwareRefill,28889700,success,28889700,iPSsimulation/results/2024-11-13_real_round3/step_00000392/result.csv
IPSExperiment,iPS_Experiment_0,1,2,10,iPSGetImage,28890147,success,28890197,iPSsimulation/results/2024-11-13_real_round3/step_00000394/result.csv
IPSExperiment,iPS_Experiment_4,1,0,10,iPSGetImage,28890934,success,28890944,iPSsimulation/results/2024-11-13_real_round3/step_00000395/result.csv
IPSExperiment,iPS_Experiment_4,1,1,20,iPSMediumChange,28890944,success,28890960,iPSsimulation/results/2024-11-13_real_round3/step_00000396/result.csv
IPSExperiment,iPS_Experiment_2,1,0,10,iPSGetImage,28890962,success,28890973,iPSsimulation/results/2024-11-13_real_round3/step_00000397/result.csv
IPSExperiment,iPS_Experiment_2,1,1,20,iPSMediumChange,28890972,success,28890989,iPSsimulation/results/2024-11-13_real_round3/step_00000398/result.csv
LabwareRefillExperiment,54326bba-120b-4e49-87fc-693a5bb0f8b5,0,19,120,LabwareRefill,28891140,success,28891140,iPSsimulation/results/2024-11-13_real_round3/step_00000399/result.csv
IPSExperiment,iPS_Experiment_0,1,0,10,iPSGetImage,28891626,success,28891271,iPSsimulation/results/2024-11-13_real_round3/step_00000400/result.csv
IPSExperiment,iPS_Experiment_0,1,1,20,iPSMediumChange,28891636,success,28891287,iPSsimulation/results/2024-11-13_real_round3/step_00000401/result.csv
IPSExperiment,iPS_Experiment_4,1,0,10,iPSGetImage,28892385,success,28892396,iPSsimulation/results/2024-11-13_real_round3/step_00000402/result.csv
IPSExperiment,iPS_Experiment_4,1,1,20,iPSMediumChange,28892395,success,28892412,iPSsimulation/results/2024-11-13_real_round3/step_00000403/result.csv
IPSExperiment,iPS_Experiment_2,1,0,10,iPSGetImage,28892413,success,28892424,iPSsimulation/results/2024-11-13_real_round3/step_00000404/result.csv
IPSExperiment,iPS_Experiment_2,1,1,20,iPSMediumChange,28892423,success,28892532,iPSsimulation/results/2024-11-13_real_round3/step_00000406/result.csv
IPSExperiment,iPS_Experiment_0,1,0,10,iPSGetImage,28892712,success,28892560,iPSsimulation/results/2024-11-13_real_round3/step_00000407/result.csv
IPSExperiment,iPS_Experiment_0,1,1,20,iPSMediumChange,28892722,success,28892564,iPSsimulation/results/2024-11-13_real_round3/step_00000408/result.csv
LabwareRefillExperiment,54326bba-120b-4e49-87fc-693a5bb0f8b5,0,20,120,LabwareRefill,28892580,success,28892580,iPSsimulation/results/2024-11-13_real_round3/step_00000409/result.csv
IPSExperiment,iPS_Experiment_4,1,0,10,iPSGetImage,28893836,success,28893910,iPSsimulation/results/2024-11-13_real_round3/step_00000410/result.csv
IPSExperiment,iPS_Experiment_4,1,1,20,iPSMediumChange,28893846,success,28893920,iPSsimulation/results/2024-11-13_real_round3/step_00000411/result.csv
IPSExperiment,iPS_Experiment_2,1,0,10,iPSGetImage,28893960,success,28893927,iPSsimulation/results/2024-11-13_real_round3/step_00000412/result.csv
IPSExperiment,iPS_Experiment_2,1,1,20,iPSMediumChange,28893970,success,28893934,iPSsimulation/results/2024-11-13_real_round3/step_00000413/result.csv
IPSExperiment,iPS_Experiment_0,1,0,10,iPSGetImage,28893990,success,28893943,iPSsimulation/results/2024-11-13_real_round3/step_00000414/result.csv
IPSExperiment,iPS_Experiment_0,1,1,20,iPSMediumChange,28894000,success,28893951,iPSsimulation/results/2024-11-13_real_round3/step_00000415/result.csv
LabwareRefillExperiment,54326bba-120b-4e49-87fc-693a5bb0f8b5,0,21,120,LabwareRefill,28894020,success,28892630,iPSsimulation/results/2024-11-13_real_round3/step_00000416/result.csv
IPSExperiment,iPS_Experiment_4,1,0,10,iPSGetImage,28895334,success,28893915,iPSsimulation/results/2024-11-13_real_round3/step_00000417/result.csv
IPSExperiment,iPS_Experiment_4,1,1,20,iPSMediumChange,28895344,success,28895363,iPSsimulation/results/2024-11-13_real_round3/step_00000418/result.csv
IPSExperiment,iPS_Experiment_2,1,0,10,iPSGetImage,28895367,success,28895372,iPSsimulation/results/2024-11-13_real_round3/step_00000419/result.csv
IPSExperiment,iPS_Experiment_2,1,1,20,iPSMediumChange,28895377,success,28895380,iPSsimulation/results/2024-11-13_real_round3/step_00000420/result.csv
IPSExperiment,iPS_Experiment_0,1,0,10,iPSGetImage,28895384,success,28895388,iPSsimulation/results/2024-11-13_real_round3/step_00000421/result.csv
IPSExperiment,iPS_Experiment_0,1,1,20,iPSMediumChange,28895394,success,28895394,iPSsimulation/results/2024-11-13_real_round3/step_00000422/result.csv
LabwareRefillExperiment,54326bba-120b-4e49-87fc-693a5bb0f8b5,0,22,120,LabwareRefill,28895460,success,28895460,iPSsimulation/results/2024-11-13_real_round3/step_00000423/result.csv
IPSExperiment,iPS_Experiment_4,1,0,10,iPSGetImage,28896810,success,28896822,iPSsimulation/results/2024-11-13_real_round3/step_00000425/result.csv
IPSExperiment,iPS_Experiment_4,1,1,20,iPSMediumChange,28896820,success,28896839,iPSsimulation/results/2024-11-13_real_round3/step_00000426/result.csv
IPSExperiment,iPS_Experiment_2,1,0,10,iPSGetImage,28896839,success,28896850,iPSsimulation/results/2024-11-13_real_round3/step_00000427/result.csv
IPSExperiment,iPS_Experiment_2,1,1,20,iPSMediumChange,28896849,success,28896866,iPSsimulation/results/2024-11-13_real_round3/step_00000428/result.csv
IPSExperiment,iPS_Experiment_0,1,0,10,iPSGetImage,28896866,success,28896878,iPSsimulation/results/2024-11-13_real_round3/step_00000429/result.csv
IPSExperiment,iPS_Experiment_0,1,1,20,iPSMediumChange,28896876,success,28896894,iPSsimulation/results/2024-11-13_real_round3/step_00000430/result.csv
LabwareRefillExperiment,54326bba-120b-4e49-87fc-693a5bb0f8b5,0,23,120,LabwareRefill,28896900,success,28896900,iPSsimulation/results/2024-11-13_real_round3/step_00000431/result.csv
IPSExperiment,iPS_Experiment_4,1,0,20,iPSPlateCoating,28897355,success,28897371,iPSsimulation/results/2024-11-13_real_round3/step_00000432/result.csv
IPSExperiment,iPS_Experiment_4,1,1,10,iPSGetImage,28897435,success,28897446,iPSsimulation/results/2024-11-13_real_round3/step_00000433/result.csv
IPSExperiment,iPS_Experiment_4,1,2,80,iPSPassage,28897445,success,28897522,iPSsimulation/results/2024-11-13_real_round3/step_00000434/result.csv
IPSExperiment,iPS_Experiment_2,1,0,10,iPSGetImage,28898275,success,28898285,iPSsimulation/results/2024-11-13_real_round3/step_00000435/result.csv
IPSExperiment,iPS_Experiment_2,1,1,20,iPSMediumChange,28898285,success,28898302,iPSsimulation/results/2024-11-13_real_round3/step_00000436/result.csv
IPSExperiment,iPS_Experiment_0,1,0,10,iPSGetImage,28898310,success,28898321,iPSsimulation/results/2024-11-13_real_round3/step_00000437/result.csv
IPSExperiment,iPS_Experiment_0,1,1,20,iPSMediumChange,28898320,success,28898337,iPSsimulation/results/2024-11-13_real_round3/step_00000438/result.csv
LabwareRefillExperiment,54326bba-120b-4e49-87fc-693a5bb0f8b5,0,24,120,LabwareRefill,28898340,success,28898340,iPSsimulation/results/2024-11-13_real_round3/step_00000439/result.csv
IPSExperiment,iPS_Experiment_4,2,0,10,iPSGetImage,28898886,success,28898897,iPSsimulation/results/2024-11-13_real_round3/step_00000440/result.csv
IPSExperiment,iPS_Experiment_4,2,1,20,iPSMediumChange,28898896,success,28898913,iPSsimulation/results/2024-11-13_real_round3/step_00000441/result.csv
IPSExperiment,iPS_Experiment_2,1,0,10,iPSGetImage,28899421,success,28899432,iPSsimulation/results/2024-11-13_real_round3/step_00000442/result.csv
IPSExperiment,iPS_Experiment_2,1,1,60,iPSSampling,28899431,success,28899448,iPSsimulation/results/2024-11-13_real_round3/step_00000443/result.csv
IPSExperiment,iPS_Experiment_0,3,0,10,iPSGetImage,28899750,success,28899760,iPSsimulation/results/2024-11-13_real_round3/step_00000444/result.csv
IPSExperiment,iPS_Experiment_0,3,1,20,iPSMediumChange,28899760,success,28899777,iPSsimulation/results/2024-11-13_real_round3/step_00000445/result.csv
LabwareRefillExperiment,54326bba-120b-4e49-87fc-693a5bb0f8b5,0,25,120,LabwareRefill,28899780,success,28899780,iPSsimulation/results/2024-11-13_real_round3/step_00000446/result.csv
IPSExperiment,iPS_Experiment_4,2,2,10,iPSGetImage,28900356,success,28900366,iPSsimulation/results/2024-11-13_real_round3/step_00000448/result.csv
IPSExperiment,iPS_Experiment_0,1,0,10,iPSGetImage,28901190,success,28901201,iPSsimulation/results/2024-11-13_real_round3/step_00000449/result.csv
IPSExperiment,iPS_Experiment_0,1,1,20,iPSMediumChange,28901200,success,28901216,iPSsimulation/results/2024-11-13_real_round3/step_00000450/result.csv
LabwareRefillExperiment,54326bba-120b-4e49-87fc-693a5bb0f8b5,0,26,120,LabwareRefill,28901220,success,28901220,iPSsimulation/results/2024-11-13_real_round3/step_00000451/result.csv
IPSExperiment,iPS_Experiment_4,1,0,10,iPSGetImage,28901796,success,28901806,iPSsimulation/results/2024-11-13_real_round3/step_00000452/result.csv
IPSExperiment,iPS_Experiment_4,1,1,20,iPSMediumChange,28901806,success,28901822,iPSsimulation/results/2024-11-13_real_round3/step_00000453/result.csv
IPSExperiment,iPS_Experiment_0,1,0,10,iPSGetImage,28902301,success,28902311,iPSsimulation/results/2024-11-13_real_round3/step_00000454/result.csv
IPSExperiment,iPS_Experiment_0,1,1,60,iPSSampling,28902311,success,28902328,iPSsimulation/results/2024-11-13_real_round3/step_00000455/result.csv
LabwareRefillExperiment,54326bba-120b-4e49-87fc-693a5bb0f8b5,0,27,120,LabwareRefill,28902660,success,28902660,iPSsimulation/results/2024-11-13_real_round3/step_00000457/result.csv
IPSExperiment,iPS_Experiment_4,2,0,10,iPSGetImage,28903247,success,28903258,iPSsimulation/results/2024-11-13_real_round3/step_00000458/result.csv
IPSExperiment,iPS_Experiment_4,2,1,20,iPSMediumChange,28903257,success,28903273,iPSsimulation/results/2024-11-13_real_round3/step_00000459/result.csv
LabwareRefillExperiment,54326bba-120b-4e49-87fc-693a5bb0f8b5,0,28,120,LabwareRefill,28904100,success,28904100,iPSsimulation/results/2024-11-13_real_round3/step_00000460/result.csv
IPSExperiment,iPS_Experiment_4,1,0,10,iPSGetImage,28904698,success,28904708,iPSsimulation/results/2024-11-13_real_round3/step_00000461/result.csv
IPSExperiment,iPS_Experiment_4,1,1,20,iPSMediumChange,28904708,success,28904725,iPSsimulation/results/2024-11-13_real_round3/step_00000462/result.csv
LabwareRefillExperiment,54326bba-120b-4e49-87fc-693a5bb0f8b5,0,29,120,LabwareRefill,28905540,success,28905540,iPSsimulation/results/2024-11-13_real_round3/step_00000463/result.csv
IPSExperiment,iPS_Experiment_4,1,0,10,iPSGetImage,28906149,success,28906160,iPSsimulation/results/2024-11-13_real_round3/step_00000464/result.csv
IPSExperiment,iPS_Experiment_4,1,1,20,iPSMediumChange,28906159,success,28906175,iPSsimulation/results/2024-11-13_real_round3/step_00000465/result.csv
LabwareRefillExperiment,54326bba-120b-4e49-87fc-693a5bb0f8b5,0,30,120,LabwareRefill,28906980,success,28906980,iPSsimulation/results/2024-11-13_real_round3/step_00000466/result.csv
IPSExperiment,iPS_Experiment_4,1,0,10,iPSGetImage,28907600,success,28907611,iPSsimulation/results/2024-11-13_real_round3/step_00000467/result.csv
IPSExperiment,iPS_Experiment_4,1,1,20,iPSMediumChange,28907610,success,28907627,iPSsimulation/results/2024-11-13_real_round3/step_00000468/result.csv
LabwareRefillExperiment,54326bba-120b-4e49-87fc-693a5bb0f8b5,0,31,120,LabwareRefill,28908420,success,28908420,iPSsimulation/results/2024-11-13_real_round3/step_00000469/result.csv
IPSExperiment,iPS_Experiment_4,1,0,10,iPSGetImage,28909051,success,28909062,iPSsimulation/results/2024-11-13_real_round3/step_00000470/result.csv
IPSExperiment,iPS_Experiment_4,1,1,20,iPSMediumChange,28909061,success,28909062,iPSsimulation/results/2024-11-13_real_round3/step_00000471/result.csv
LabwareRefillExperiment,54326bba-120b-4e49-87fc-693a5bb0f8b5,0,32,120,LabwareRefill,28909860,success,28909860,iPSsimulation/results/2024-11-13_real_round3/step_00000472/result.csv
IPSExperiment,iPS_Experiment_4,1,0,10,iPSGetImage,28910502,success,28910512,iPSsimulation/results/2024-11-13_real_round3/step_00000473/result.csv
IPSExperiment,iPS_Experiment_4,1,1,20,iPSMediumChange,28910512,success,28910513,iPSsimulation/results/2024-11-13_real_round3/step_00000474/result.csv
IPSExperiment,iPS_Experiment_4,1,0,10,iPSGetImage,28910941,success,28910951,iPSsimulation/results/2024-11-13_real_round3/step_00000475/result.csv
IPSExperiment,iPS_Experiment_4,1,1,60,iPSSampling,28910951,success,28910968,iPSsimulation/results/2024-11-13_real_round3/step_00000476/result.csv
