experiment_name,experiment_uuid,task_group_id,task_id,processing_time,experiment_operation,scheduled_time,task_response,optimal_time_reference_time,result_path,processing_time_min
LabwareRefillExperiment,129bc253-739b-4d1e-a3d8-e3218b59fafe,0,0,0,LabwareRefill,2024-11-13 07:00:00,success,2024-11-14 08:29:00,iPSsimulation/results/2024-11-13_real_round3/step_00000001/result.csv,0
LabwareRefillExperiment,129bc253-739b-4d1e-a3d8-e3218b59fafe,0,1,120,LabwareRefill,2024-11-14 07:00:00,success,2024-11-14 09:04:00,iPSsimulation/results/2024-11-13_real_round3/step_00000007/result.csv,120
IPSExperiment,iPS_Experiment_0,1,0,20,iPSPlateCoating,2024-11-14 09:04:00,success,2024-11-14 09:21:00,iPSsimulation/results/2024-11-13_real_round3/step_00000008/result.csv,20
IPSExperiment,iPS_Experiment_0,1,1,10,iPSGetImage,2024-11-14 10:24:00,success,2024-11-14 10:34:00,iPSsimulation/results/2024-11-13_real_round3/step_00000009/result.csv,10
IPSExperiment,iPS_Experiment_0,1,2,80,iPSPassage,2024-11-14 10:34:00,success,2024-11-14 11:51:00,iPSsimulation/results/2024-11-13_real_round3/step_00000010/result.csv,80
IPSExperiment,iPS_Experiment_1,1,0,20,iPSPlateCoating,2024-11-14 11:51:00,success,2024-11-14 12:08:00,iPSsimulation/results/2024-11-13_real_round3/step_00000011/result.csv,20
IPSExperiment,iPS_Experiment_1,1,1,10,iPSGetImage,2024-11-14 13:11:00,success,2024-11-14 13:22:00,iPSsimulation/results/2024-11-13_real_round3/step_00000012/result.csv,10
IPSExperiment,iPS_Experiment_1,1,2,80,iPSPassage,2024-11-14 13:21:00,success,2024-11-14 14:38:00,iPSsimulation/results/2024-11-13_real_round3/step_00000013/result.csv,80
IPSExperiment,iPS_Experiment_2,1,0,20,iPSPlateCoating,2024-11-14 14:38:00,success,2024-11-14 14:55:00,iPSsimulation/results/2024-11-13_real_round3/step_00000014/result.csv,20
IPSExperiment,iPS_Experiment_2,1,1,10,iPSGetImage,2024-11-14 15:58:00,success,2024-11-14 16:08:00,iPSsimulation/results/2024-11-13_real_round3/step_00000015/result.csv,10
IPSExperiment,iPS_Experiment_2,1,2,80,iPSPassage,2024-11-14 16:08:00,success,2024-11-14 17:25:00,iPSsimulation/results/2024-11-13_real_round3/step_00000016/result.csv,80
IPSExperiment,iPS_Experiment_3,1,0,20,iPSPlateCoating,2024-11-14 17:25:00,success,2024-11-14 17:42:00,iPSsimulation/results/2024-11-13_real_round3/step_00000017/result.csv,20
IPSExperiment,iPS_Experiment_3,1,1,10,iPSGetImage,2024-11-14 18:45:00,success,2024-11-14 18:56:00,iPSsimulation/results/2024-11-13_real_round3/step_00000018/result.csv,10
IPSExperiment,iPS_Experiment_3,1,2,80,iPSPassage,2024-11-14 18:55:00,success,2024-11-14 20:12:00,iPSsimulation/results/2024-11-13_real_round3/step_00000019/result.csv,80
IPSExperiment,iPS_Experiment_4,1,0,20,iPSPlateCoating,2024-11-14 20:12:00,success,2024-11-14 20:29:00,iPSsimulation/results/2024-11-13_real_round3/step_00000020/result.csv,20
IPSExperiment,iPS_Experiment_4,1,1,10,iPSGetImage,2024-11-14 21:32:00,success,2024-11-14 21:43:00,iPSsimulation/results/2024-11-13_real_round3/step_00000021/result.csv,10
IPSExperiment,iPS_Experiment_4,1,2,80,iPSPassage,2024-11-14 21:42:00,success,2024-11-14 22:59:00,iPSsimulation/results/2024-11-13_real_round3/step_00000022/result.csv,80
LabwareRefillExperiment,129bc253-739b-4d1e-a3d8-e3218b59fafe,0,2,120,LabwareRefill,2024-11-15 07:00:00,success,2024-11-15 07:00:00,iPSsimulation/results/2024-11-13_real_round3/step_00000023/result.csv,120
IPSExperiment,iPS_Experiment_0,1,0,10,iPSGetImage,2024-11-15 10:35:00,success,2024-11-15 10:46:00,iPSsimulation/results/2024-11-13_real_round3/step_00000039/result.csv,10
IPSExperiment,iPS_Experiment_0,1,1,20,iPSMediumChange,2024-11-15 10:45:00,success,2024-11-15 15:21:00,iPSsimulation/results/2024-11-13_real_round3/step_00000040/result.csv,20
IPSExperiment,iPS_Experiment_1,2,0,10,iPSGetImage,2024-11-15 15:21:00,success,2024-11-15 15:33:00,iPSsimulation/results/2024-11-13_real_round3/step_00000041/result.csv,10
IPSExperiment,iPS_Experiment_1,2,1,20,iPSMediumChange,2024-11-15 15:31:00,success,2024-11-15 15:49:00,iPSsimulation/results/2024-11-13_real_round3/step_00000042/result.csv,20
IPSExperiment,iPS_Experiment_2,3,0,10,iPSGetImage,2024-11-15 16:09:00,success,2024-11-15 16:20:00,iPSsimulation/results/2024-11-13_real_round3/step_00000043/result.csv,10
IPSExperiment,iPS_Experiment_2,3,1,20,iPSMediumChange,2024-11-15 16:19:00,success,2024-11-15 16:36:00,iPSsimulation/results/2024-11-13_real_round3/step_00000044/result.csv,20
HEKExperiment,HEK_Experiment_4,10,0,10,HEKGetImage,2024-11-15 18:30:00,success,2024-11-15 18:41:00,iPSsimulation/results/2024-11-13_real_round3/step_00000045/result.csv,10
HEKExperiment,HEK_Experiment_3,7,0,10,HEKGetImage,2024-11-15 18:41:00,success,2024-11-15 18:53:00,iPSsimulation/results/2024-11-13_real_round3/step_00000046/result.csv,10
HEKExperiment,HEK_Experiment_0,4,0,10,HEKGetImage,2024-11-15 18:53:00,success,2024-11-15 19:04:00,iPSsimulation/results/2024-11-13_real_round3/step_00000047/result.csv,10
IPSExperiment,iPS_Experiment_3,6,0,10,iPSGetImage,2024-11-15 19:04:00,success,2024-11-15 19:16:00,iPSsimulation/results/2024-11-13_real_round3/step_00000048/result.csv,10
IPSExperiment,iPS_Experiment_3,6,1,20,iPSMediumChange,2024-11-15 19:14:00,success,2024-11-15 19:33:00,iPSsimulation/results/2024-11-13_real_round3/step_00000049/result.csv,20
HEKExperiment,HEK_Experiment_1,4,0,10,HEKGetImage,2024-11-15 19:34:00,success,2024-11-15 19:45:00,iPSsimulation/results/2024-11-13_real_round3/step_00000050/result.csv,10
HEKExperiment,HEK_Experiment_2,5,0,10,HEKGetImage,2024-11-15 19:45:00,success,2024-11-15 19:56:00,iPSsimulation/results/2024-11-13_real_round3/step_00000051/result.csv,10
IPSExperiment,iPS_Experiment_4,5,0,10,iPSGetImage,2024-11-15 21:43:00,success,2024-11-15 21:54:00,iPSsimulation/results/2024-11-13_real_round3/step_00000052/result.csv,10
IPSExperiment,iPS_Experiment_4,5,1,20,iPSMediumChange,2024-11-15 21:53:00,success,2024-11-15 22:10:00,iPSsimulation/results/2024-11-13_real_round3/step_00000053/result.csv,20
HEKExperiment,HEK_Experiment_1,9,0,10,HEKGetImage,2024-11-16 06:10:00,success,2024-11-16 06:20:00,iPSsimulation/results/2024-11-13_real_round3/step_00000054/result.csv,10
HEKExperiment,HEK_Experiment_0,8,0,10,HEKGetImage,2024-11-16 06:20:00,success,2024-11-16 06:32:00,iPSsimulation/results/2024-11-13_real_round3/step_00000055/result.csv,10
HEKExperiment,HEK_Experiment_4,6,0,10,HEKGetImage,2024-11-16 06:32:00,success,2024-11-16 06:44:00,iPSsimulation/results/2024-11-13_real_round3/step_00000056/result.csv,10
HEKExperiment,HEK_Experiment_3,6,0,10,HEKGetImage,2024-11-16 06:44:00,success,2024-11-16 06:56:00,iPSsimulation/results/2024-11-13_real_round3/step_00000057/result.csv,10
LabwareRefillExperiment,129bc253-739b-4d1e-a3d8-e3218b59fafe,0,3,120,LabwareRefill,2024-11-16 07:00:00,success,2024-11-16 07:00:00,iPSsimulation/results/2024-11-13_real_round3/step_00000058/result.csv,120
HEKExperiment,HEK_Experiment_2,6,0,10,HEKGetImage,2024-11-16 09:00:00,success,2024-11-16 09:11:00,iPSsimulation/results/2024-11-13_real_round3/step_00000059/result.csv,10
IPSExperiment,iPS_Experiment_0,1,2,10,iPSGetImage,2024-11-16 11:05:00,success,2024-11-16 11:16:00,iPSsimulation/results/2024-11-13_real_round3/step_00000060/result.csv,10
IPSExperiment,iPS_Experiment_1,1,2,10,iPSGetImage,2024-11-16 15:51:00,success,2024-11-16 16:02:00,iPSsimulation/results/2024-11-13_real_round3/step_00000061/result.csv,10
IPSExperiment,iPS_Experiment_2,1,2,10,iPSGetImage,2024-11-16 16:39:00,success,2024-11-16 16:50:00,iPSsimulation/results/2024-11-13_real_round3/step_00000062/result.csv,10
HEKExperiment,HEK_Experiment_1,3,0,10,HEKGetImage,2024-11-16 18:10:00,success,2024-11-16 18:21:00,iPSsimulation/results/2024-11-13_real_round3/step_00000063/result.csv,10
HEKExperiment,HEK_Experiment_0,3,0,10,HEKGetImage,2024-11-16 18:21:00,success,2024-11-16 18:32:00,iPSsimulation/results/2024-11-13_real_round3/step_00000064/result.csv,10
HEKExperiment,HEK_Experiment_4,3,0,10,HEKGetImage,2024-11-16 18:33:00,success,2024-11-16 18:44:00,iPSsimulation/results/2024-11-13_real_round3/step_00000065/result.csv,10
HEKExperiment,HEK_Experiment_3,3,0,10,HEKGetImage,2024-11-16 18:45:00,success,2024-11-16 18:56:00,iPSsimulation/results/2024-11-13_real_round3/step_00000066/result.csv,10
IPSExperiment,iPS_Experiment_3,1,2,10,iPSGetImage,2024-11-16 19:34:00,success,2024-11-16 19:45:00,iPSsimulation/results/2024-11-13_real_round3/step_00000067/result.csv,10
HEKExperiment,HEK_Experiment_2,2,0,10,HEKGetImage,2024-11-16 21:00:00,success,2024-11-16 21:10:00,iPSsimulation/results/2024-11-13_real_round3/step_00000068/result.csv,10
IPSExperiment,iPS_Experiment_4,1,2,10,iPSGetImage,2024-11-16 22:13:00,success,2024-11-16 22:24:00,iPSsimulation/results/2024-11-13_real_round3/step_00000069/result.csv,10
HEKExperiment,HEK_Experiment_1,1,0,10,HEKGetImage,2024-11-17 06:10:00,success,2024-11-17 06:21:00,iPSsimulation/results/2024-11-13_real_round3/step_00000070/result.csv,10
HEKExperiment,HEK_Experiment_0,1,0,10,HEKGetImage,2024-11-17 06:21:00,success,2024-11-17 06:32:00,iPSsimulation/results/2024-11-13_real_round3/step_00000071/result.csv,10
HEKExperiment,HEK_Experiment_4,1,0,10,HEKGetImage,2024-11-17 06:33:00,success,2024-11-17 06:44:00,iPSsimulation/results/2024-11-13_real_round3/step_00000072/result.csv,10
LabwareRefillExperiment,129bc253-739b-4d1e-a3d8-e3218b59fafe,0,4,120,LabwareRefill,2024-11-17 07:00:00,success,2024-11-17 11:17:00,iPSsimulation/results/2024-11-13_real_round3/step_00000074/result.csv,120
HEKExperiment,HEK_Experiment_3,1,0,10,HEKGetImage,2024-11-17 11:17:00,success,2024-11-17 11:29:00,iPSsimulation/results/2024-11-13_real_round3/step_00000075/result.csv,10
HEKExperiment,HEK_Experiment_2,1,0,10,HEKGetImage,2024-11-17 11:29:00,success,2024-11-17 11:41:00,iPSsimulation/results/2024-11-13_real_round3/step_00000076/result.csv,10
IPSExperiment,iPS_Experiment_0,1,0,10,iPSGetImage,2024-11-17 11:41:00,success,2024-11-17 11:53:00,iPSsimulation/results/2024-11-13_real_round3/step_00000077/result.csv,10
IPSExperiment,iPS_Experiment_0,1,1,20,iPSMediumChange,2024-11-17 11:51:00,success,2024-11-17 12:09:00,iPSsimulation/results/2024-11-13_real_round3/step_00000078/result.csv,20
IPSExperiment,iPS_Experiment_1,1,0,10,iPSGetImage,2024-11-17 15:51:00,success,2024-11-17 16:02:00,iPSsimulation/results/2024-11-13_real_round3/step_00000079/result.csv,10
IPSExperiment,iPS_Experiment_1,1,1,20,iPSMediumChange,2024-11-17 16:01:00,success,2024-11-17 16:18:00,iPSsimulation/results/2024-11-13_real_round3/step_00000080/result.csv,20
IPSExperiment,iPS_Experiment_2,1,0,10,iPSGetImage,2024-11-17 16:39:00,success,2024-11-17 16:50:00,iPSsimulation/results/2024-11-13_real_round3/step_00000081/result.csv,10
IPSExperiment,iPS_Experiment_2,1,1,20,iPSMediumChange,2024-11-17 16:49:00,success,2024-11-17 17:06:00,iPSsimulation/results/2024-11-13_real_round3/step_00000082/result.csv,20
HEKExperiment,HEK_Experiment_1,1,0,10,HEKGetImage,2024-11-17 18:10:00,success,2024-11-17 18:20:00,iPSsimulation/results/2024-11-13_real_round3/step_00000083/result.csv,10
HEKExperiment,HEK_Experiment_1,10,0,10,HEKGetImage,2024-11-17 18:20:00,success,2024-11-17 18:32:00,iPSsimulation/results/2024-11-13_real_round3/step_00000084/result.csv,10
IPSExperiment,iPS_Experiment_3,3,0,10,iPSGetImage,2024-11-18 03:55:00,success,2024-11-18 04:06:00,iPSsimulation/results/2024-11-13_real_round3/step_00000092/result.csv,10
IPSExperiment,iPS_Experiment_3,3,1,20,iPSMediumChange,2024-11-18 04:05:00,success,2024-11-18 04:21:00,iPSsimulation/results/2024-11-13_real_round3/step_00000093/result.csv,20
IPSExperiment,iPS_Experiment_4,1,0,10,iPSGetImage,2024-11-18 04:21:00,success,2024-11-18 04:33:00,iPSsimulation/results/2024-11-13_real_round3/step_00000094/result.csv,10
IPSExperiment,iPS_Experiment_4,1,1,20,iPSMediumChange,2024-11-18 04:31:00,success,2024-11-18 04:49:00,iPSsimulation/results/2024-11-13_real_round3/step_00000095/result.csv,20
LabwareRefillExperiment,129bc253-739b-4d1e-a3d8-e3218b59fafe,0,5,120,LabwareRefill,2024-11-18 07:00:00,success,2024-11-18 07:00:00,iPSsimulation/results/2024-11-13_real_round3/step_00000096/result.csv,120
LabwareRefillExperiment,54326bba-120b-4e49-87fc-693a5bb0f8b5,0,0,0,LabwareRefill,2024-11-17 07:00:00,success,2024-11-18 08:22:00,iPSsimulation/results/2024-11-13_real_round3/step_00000107/result.csv,0
LabwareRefillExperiment,54326bba-120b-4e49-87fc-693a5bb0f8b5,0,1,120,LabwareRefill,2024-11-18 07:00:00,success,2024-11-18 08:24:00,iPSsimulation/results/2024-11-13_real_round3/step_00000108/result.csv,120
IPSExperiment,iPS_Experiment_0,1,0,10,iPSGetImage,2024-11-18 11:54:00,success,2024-11-18 12:05:00,iPSsimulation/results/2024-11-13_real_round3/step_00000109/result.csv,10
IPSExperiment,iPS_Experiment_0,1,1,20,iPSMediumChange,2024-11-18 12:04:00,success,2024-11-18 12:21:00,iPSsimulation/results/2024-11-13_real_round3/step_00000110/result.csv,20
IPSExperiment,iPS_Experiment_1,1,0,10,iPSGetImage,2024-11-18 16:02:00,success,2024-11-18 16:13:00,iPSsimulation/results/2024-11-13_real_round3/step_00000111/result.csv,10
IPSExperiment,iPS_Experiment_1,1,1,20,iPSMediumChange,2024-11-18 16:12:00,success,2024-11-18 16:29:00,iPSsimulation/results/2024-11-13_real_round3/step_00000112/result.csv,20
IPSExperiment,iPS_Experiment_2,1,0,10,iPSGetImage,2024-11-18 16:51:00,success,2024-11-18 17:01:00,iPSsimulation/results/2024-11-13_real_round3/step_00000113/result.csv,10
IPSExperiment,iPS_Experiment_2,1,1,20,iPSMediumChange,2024-11-18 17:01:00,success,2024-11-18 17:18:00,iPSsimulation/results/2024-11-13_real_round3/step_00000114/result.csv,20
HEKExperiment,HEK_Experiment_4,7,0,10,HEKGetImage,2024-11-19 03:46:00,success,2024-11-19 03:56:00,iPSsimulation/results/2024-11-13_real_round3/step_00000115/result.csv,10
HEKExperiment,HEK_Experiment_2,5,0,10,HEKGetImage,2024-11-19 03:56:00,success,2024-11-19 04:08:00,iPSsimulation/results/2024-11-13_real_round3/step_00000116/result.csv,10
IPSExperiment,iPS_Experiment_3,1,0,10,iPSGetImage,2024-11-19 04:08:00,success,2024-11-19 04:20:00,iPSsimulation/results/2024-11-13_real_round3/step_00000117/result.csv,10
IPSExperiment,iPS_Experiment_3,1,1,20,iPSMediumChange,2024-11-19 04:18:00,success,2024-11-19 04:37:00,iPSsimulation/results/2024-11-13_real_round3/step_00000118/result.csv,20
IPSExperiment,iPS_Experiment_4,1,0,10,iPSGetImage,2024-11-19 04:37:00,success,2024-11-19 04:49:00,iPSsimulation/results/2024-11-13_real_round3/step_00000119/result.csv,10
IPSExperiment,iPS_Experiment_4,1,1,20,iPSMediumChange,2024-11-19 04:47:00,success,2024-11-19 05:05:00,iPSsimulation/results/2024-11-13_real_round3/step_00000120/result.csv,20
HEKExperiment,HEK_Experiment_0,1,0,10,HEKGetImage,2024-11-19 05:05:00,success,2024-11-19 05:17:00,iPSsimulation/results/2024-11-13_real_round3/step_00000121/result.csv,10
HEKExperiment,HEK_Experiment_1,1,0,10,HEKGetImage,2024-11-19 05:17:00,success,2024-11-19 05:29:00,iPSsimulation/results/2024-11-13_real_round3/step_00000122/result.csv,10
HEKExperiment,HEK_Experiment_3,1,0,10,HEKGetImage,2024-11-19 05:29:00,success,2024-11-19 05:41:00,iPSsimulation/results/2024-11-13_real_round3/step_00000123/result.csv,10
LabwareRefillExperiment,54326bba-120b-4e49-87fc-693a5bb0f8b5,0,2,120,LabwareRefill,2024-11-19 07:00:00,success,2024-11-19 07:00:00,iPSsimulation/results/2024-11-13_real_round3/step_00000124/result.csv,120
IPSExperiment,iPS_Experiment_0,1,0,10,iPSGetImage,2024-11-19 12:06:00,success,2024-11-19 12:16:00,iPSsimulation/results/2024-11-13_real_round3/step_00000125/result.csv,10
IPSExperiment,iPS_Experiment_0,1,1,20,iPSMediumChange,2024-11-19 12:16:00,success,2024-11-19 12:33:00,iPSsimulation/results/2024-11-13_real_round3/step_00000126/result.csv,20
HEKExperiment,HEK_Experiment_4,1,0,10,HEKGetImage,2024-11-19 15:46:00,success,2024-11-19 15:56:00,iPSsimulation/results/2024-11-13_real_round3/step_00000127/result.csv,10
HEKExperiment,HEK_Experiment_2,1,0,10,HEKGetImage,2024-11-19 15:57:00,success,2024-11-19 16:08:00,iPSsimulation/results/2024-11-13_real_round3/step_00000128/result.csv,10
IPSExperiment,iPS_Experiment_1,1,0,10,iPSGetImage,2024-11-19 16:14:00,success,2024-11-19 16:24:00,iPSsimulation/results/2024-11-13_real_round3/step_00000129/result.csv,10
IPSExperiment,iPS_Experiment_1,1,1,20,iPSMediumChange,2024-11-19 16:24:00,success,2024-11-19 16:41:00,iPSsimulation/results/2024-11-13_real_round3/step_00000130/result.csv,20
HEKExperiment,HEK_Experiment_0,2,0,10,HEKGetImage,2024-11-19 16:52:00,success,2024-11-19 17:03:00,iPSsimulation/results/2024-11-13_real_round3/step_00000131/result.csv,10
IPSExperiment,iPS_Experiment_2,1,0,10,iPSGetImage,2024-11-19 17:03:00,success,2024-11-19 17:14:00,iPSsimulation/results/2024-11-13_real_round3/step_00000132/result.csv,10
IPSExperiment,iPS_Experiment_2,1,1,20,iPSMediumChange,2024-11-19 17:13:00,success,2024-11-19 17:31:00,iPSsimulation/results/2024-11-13_real_round3/step_00000133/result.csv,20
HEKExperiment,HEK_Experiment_1,1,0,10,HEKGetImage,2024-11-19 17:31:00,success,2024-11-19 17:43:00,iPSsimulation/results/2024-11-13_real_round3/step_00000134/result.csv,10
HEKExperiment,HEK_Experiment_3,1,0,10,HEKGetImage,2024-11-19 17:43:00,success,2024-11-19 17:55:00,iPSsimulation/results/2024-11-13_real_round3/step_00000135/result.csv,10
HEKExperiment,HEK_Experiment_4,1,0,10,HEKGetImage,2024-11-20 03:46:00,success,2024-11-20 03:57:00,iPSsimulation/results/2024-11-13_real_round3/step_00000136/result.csv,10
HEKExperiment,HEK_Experiment_2,1,0,10,HEKGetImage,2024-11-20 03:58:00,success,2024-11-20 04:09:00,iPSsimulation/results/2024-11-13_real_round3/step_00000137/result.csv,10
IPSExperiment,iPS_Experiment_3,1,0,10,iPSGetImage,2024-11-20 04:22:00,success,2024-11-20 04:32:00,iPSsimulation/results/2024-11-13_real_round3/step_00000138/result.csv,10
IPSExperiment,iPS_Experiment_3,1,1,20,iPSMediumChange,2024-11-20 04:32:00,success,2024-11-20 04:49:00,iPSsimulation/results/2024-11-13_real_round3/step_00000139/result.csv,20
IPSExperiment,iPS_Experiment_4,1,0,10,iPSGetImage,2024-11-20 04:50:00,success,2024-11-20 05:01:00,iPSsimulation/results/2024-11-13_real_round3/step_00000140/result.csv,10
IPSExperiment,iPS_Experiment_4,1,1,20,iPSMediumChange,2024-11-20 05:00:00,success,2024-11-20 05:17:00,iPSsimulation/results/2024-11-13_real_round3/step_00000141/result.csv,20
HEKExperiment,HEK_Experiment_2,4,0,10,HEKGetImage,2024-11-20 05:17:00,success,2024-11-20 05:29:00,iPSsimulation/results/2024-11-13_real_round3/step_00000142/result.csv,10
HEKExperiment,HEK_Experiment_2,4,1,60,HEKPassage,2024-11-20 05:27:00,success,2024-11-20 06:15:00,iPSsimulation/results/2024-11-13_real_round3/step_00000143/result.csv,60
HEKExperiment,HEK_Experiment_0,1,0,10,HEKGetImage,2024-11-20 06:27:00,success,2024-11-20 06:38:00,iPSsimulation/results/2024-11-13_real_round3/step_00000144/result.csv,10
HEKExperiment,HEK_Experiment_1,2,0,10,HEKGetImage,2024-11-20 06:38:00,success,2024-11-20 06:50:00,iPSsimulation/results/2024-11-13_real_round3/step_00000145/result.csv,10
HEKExperiment,HEK_Experiment_3,2,0,10,HEKGetImage,2024-11-20 06:50:00,success,2024-11-20 07:02:00,iPSsimulation/results/2024-11-13_real_round3/step_00000146/result.csv,10
LabwareRefillExperiment,54326bba-120b-4e49-87fc-693a5bb0f8b5,0,3,120,LabwareRefill,2024-11-20 07:00:00,success,2024-11-20 07:03:00,iPSsimulation/results/2024-11-13_real_round3/step_00000147/result.csv,120
HEKExperiment,HEK_Experiment_1,2,0,10,HEKGetImage,2024-11-20 09:00:00,success,2024-11-20 09:11:00,iPSsimulation/results/2024-11-13_real_round3/step_00000152/result.csv,10
HEKExperiment,HEK_Experiment_1,2,1,60,HEKPassage,2024-11-20 09:10:00,success,2024-11-20 09:56:00,iPSsimulation/results/2024-11-13_real_round3/step_00000153/result.csv,60
HEKExperiment,HEK_Experiment_3,3,0,10,HEKGetImage,2024-11-20 10:10:00,success,2024-11-20 10:21:00,iPSsimulation/results/2024-11-13_real_round3/step_00000154/result.csv,10
HEKExperiment,HEK_Experiment_3,3,1,60,HEKPassage,2024-11-20 10:20:00,success,2024-11-20 11:06:00,iPSsimulation/results/2024-11-13_real_round3/step_00000155/result.csv,60
HEKExperiment,HEK_Experiment_4,4,0,10,HEKGetImage,2024-11-20 11:20:00,success,2024-11-20 11:30:00,iPSsimulation/results/2024-11-13_real_round3/step_00000156/result.csv,10
HEKExperiment,HEK_Experiment_4,4,1,60,HEKPassage,2024-11-20 11:30:00,success,2024-11-20 12:16:00,iPSsimulation/results/2024-11-13_real_round3/step_00000157/result.csv,60
HEKExperiment,HEK_Experiment_0,5,0,10,HEKGetImage,2024-11-20 12:30:00,success,2024-11-20 12:41:00,iPSsimulation/results/2024-11-13_real_round3/step_00000158/result.csv,10
HEKExperiment,HEK_Experiment_0,5,1,60,HEKPassage,2024-11-20 12:40:00,success,2024-11-20 13:26:00,iPSsimulation/results/2024-11-13_real_round3/step_00000159/result.csv,60
IPSExperiment,iPS_Experiment_0,6,0,10,iPSGetImage,2024-11-20 13:40:00,success,2024-11-20 13:51:00,iPSsimulation/results/2024-11-13_real_round3/step_00000160/result.csv,10
IPSExperiment,iPS_Experiment_0,6,1,20,iPSMediumChange,2024-11-20 13:50:00,success,2024-11-20 14:07:00,iPSsimulation/results/2024-11-13_real_round3/step_00000161/result.csv,20
IPSExperiment,iPS_Experiment_1,6,0,10,iPSGetImage,2024-11-20 16:26:00,success,2024-11-20 16:37:00,iPSsimulation/results/2024-11-13_real_round3/step_00000162/result.csv,10
IPSExperiment,iPS_Experiment_1,6,1,20,iPSMediumChange,2024-11-20 16:36:00,success,2024-11-20 16:53:00,iPSsimulation/results/2024-11-13_real_round3/step_00000163/result.csv,20
IPSExperiment,iPS_Experiment_2,6,0,10,iPSGetImage,2024-11-20 17:16:00,success,2024-11-20 17:27:00,iPSsimulation/results/2024-11-13_real_round3/step_00000164/result.csv,10
IPSExperiment,iPS_Experiment_2,6,1,20,iPSMediumChange,2024-11-20 17:26:00,success,2024-11-20 17:43:00,iPSsimulation/results/2024-11-13_real_round3/step_00000165/result.csv,20
IPSExperiment,iPS_Experiment_3,6,0,10,iPSGetImage,2024-11-21 04:34:00,success,2024-11-21 04:45:00,iPSsimulation/results/2024-11-13_real_round3/step_00000166/result.csv,10
IPSExperiment,iPS_Experiment_3,6,1,20,iPSMediumChange,2024-11-21 04:44:00,success,2024-11-21 05:01:00,iPSsimulation/results/2024-11-13_real_round3/step_00000167/result.csv,20
IPSExperiment,iPS_Experiment_4,6,0,10,iPSGetImage,2024-11-21 05:02:00,success,2024-11-21 05:13:00,iPSsimulation/results/2024-11-13_real_round3/step_00000168/result.csv,10
IPSExperiment,iPS_Experiment_4,6,1,20,iPSMediumChange,2024-11-21 05:12:00,success,2024-11-21 05:30:00,iPSsimulation/results/2024-11-13_real_round3/step_00000169/result.csv,20
HEKExperiment,HEK_Experiment_2,3,2,10,HEKGetImage,2024-11-21 06:27:00,success,2024-11-21 06:38:00,iPSsimulation/results/2024-11-13_real_round3/step_00000170/result.csv,10
LabwareRefillExperiment,54326bba-120b-4e49-87fc-693a5bb0f8b5,0,4,120,LabwareRefill,2024-11-21 07:00:00,success,2024-11-21 07:00:00,iPSsimulation/results/2024-11-13_real_round3/step_00000171/result.csv,120
HEKExperiment,HEK_Experiment_1,1,2,10,HEKGetImage,2024-11-21 10:10:00,success,2024-11-21 10:20:00,iPSsimulation/results/2024-11-13_real_round3/step_00000172/result.csv,10
HEKExperiment,HEK_Experiment_3,1,2,10,HEKGetImage,2024-11-21 11:20:00,success,2024-11-21 11:31:00,iPSsimulation/results/2024-11-13_real_round3/step_00000173/result.csv,10
HEKExperiment,HEK_Experiment_4,1,2,10,HEKGetImage,2024-11-21 12:30:00,success,2024-11-21 12:41:00,iPSsimulation/results/2024-11-13_real_round3/step_00000174/result.csv,10
HEKExperiment,HEK_Experiment_0,1,2,10,HEKGetImage,2024-11-21 13:40:00,success,2024-11-21 13:50:00,iPSsimulation/results/2024-11-13_real_round3/step_00000175/result.csv,10
IPSExperiment,iPS_Experiment_0,1,0,10,iPSGetImage,2024-11-21 13:52:00,success,2024-11-21 14:03:00,iPSsimulation/results/2024-11-13_real_round3/step_00000176/result.csv,10
IPSExperiment,iPS_Experiment_0,1,1,20,iPSMediumChange,2024-11-21 14:02:00,success,2024-11-21 14:19:00,iPSsimulation/results/2024-11-13_real_round3/step_00000177/result.csv,20
IPSExperiment,iPS_Experiment_0,10,0,20,iPSPlateCoating,2024-11-21 14:19:00,success,2024-11-21 14:36:00,iPSsimulation/results/2024-11-13_real_round3/step_00000178/result.csv,20
IPSExperiment,iPS_Experiment_0,10,1,10,iPSGetImage,2024-11-21 15:39:00,success,2024-11-21 15:50:00,iPSsimulation/results/2024-11-13_real_round3/step_00000179/result.csv,10
IPSExperiment,iPS_Experiment_0,10,2,80,iPSPassage,2024-11-21 15:49:00,success,2024-11-21 17:06:00,iPSsimulation/results/2024-11-13_real_round3/step_00000180/result.csv,80
IPSExperiment,iPS_Experiment_1,1,0,10,iPSGetImage,2024-11-21 17:06:00,success,2024-11-21 17:18:00,iPSsimulation/results/2024-11-13_real_round3/step_00000181/result.csv,10
IPSExperiment,iPS_Experiment_1,1,1,20,iPSMediumChange,2024-11-21 17:16:00,success,2024-11-21 17:34:00,iPSsimulation/results/2024-11-13_real_round3/step_00000182/result.csv,20
IPSExperiment,iPS_Experiment_2,1,0,10,iPSGetImage,2024-11-21 17:34:00,success,2024-11-21 17:46:00,iPSsimulation/results/2024-11-13_real_round3/step_00000183/result.csv,10
IPSExperiment,iPS_Experiment_2,1,1,20,iPSMediumChange,2024-11-21 17:44:00,success,2024-11-21 18:03:00,iPSsimulation/results/2024-11-13_real_round3/step_00000184/result.csv,20
IPSExperiment,iPS_Experiment_1,1,0,20,iPSPlateCoating,2024-11-21 18:06:00,success,2024-11-21 18:22:00,iPSsimulation/results/2024-11-13_real_round3/step_00000185/result.csv,20
HEKExperiment,HEK_Experiment_2,2,0,10,HEKGetImage,2024-11-21 18:27:00,success,2024-11-21 18:38:00,iPSsimulation/results/2024-11-13_real_round3/step_00000186/result.csv,10
IPSExperiment,iPS_Experiment_1,1,1,10,iPSGetImage,2024-11-21 19:26:00,success,2024-11-21 19:36:00,iPSsimulation/results/2024-11-13_real_round3/step_00000187/result.csv,10
IPSExperiment,iPS_Experiment_1,1,2,80,iPSPassage,2024-11-21 19:36:00,success,2024-11-21 20:53:00,iPSsimulation/results/2024-11-13_real_round3/step_00000188/result.csv,80
HEKExperiment,HEK_Experiment_1,1,0,10,HEKGetImage,2024-11-21 22:10:00,success,2024-11-21 22:21:00,iPSsimulation/results/2024-11-13_real_round3/step_00000189/result.csv,10
HEKExperiment,HEK_Experiment_3,1,0,10,HEKGetImage,2024-11-21 23:20:00,success,2024-11-21 23:30:00,iPSsimulation/results/2024-11-13_real_round3/step_00000190/result.csv,10
HEKExperiment,HEK_Experiment_4,1,0,10,HEKGetImage,2024-11-22 00:30:00,success,2024-11-22 00:40:00,iPSsimulation/results/2024-11-13_real_round3/step_00000191/result.csv,10
HEKExperiment,HEK_Experiment_0,1,0,10,HEKGetImage,2024-11-22 01:40:00,success,2024-11-22 01:51:00,iPSsimulation/results/2024-11-13_real_round3/step_00000192/result.csv,10
IPSExperiment,iPS_Experiment_3,1,0,10,iPSGetImage,2024-11-22 04:46:00,success,2024-11-22 04:57:00,iPSsimulation/results/2024-11-13_real_round3/step_00000193/result.csv,10
IPSExperiment,iPS_Experiment_3,1,1,20,iPSMediumChange,2024-11-22 04:56:00,success,2024-11-22 05:13:00,iPSsimulation/results/2024-11-13_real_round3/step_00000194/result.csv,20
IPSExperiment,iPS_Experiment_4,1,0,10,iPSGetImage,2024-11-22 05:14:00,success,2024-11-22 05:25:00,iPSsimulation/results/2024-11-13_real_round3/step_00000195/result.csv,10
IPSExperiment,iPS_Experiment_4,1,1,20,iPSMediumChange,2024-11-22 05:24:00,success,2024-11-22 05:41:00,iPSsimulation/results/2024-11-13_real_round3/step_00000196/result.csv,20
HEKExperiment,HEK_Experiment_2,1,0,10,HEKGetImage,2024-11-22 06:27:00,success,2024-11-22 06:38:00,iPSsimulation/results/2024-11-13_real_round3/step_00000197/result.csv,10
LabwareRefillExperiment,54326bba-120b-4e49-87fc-693a5bb0f8b5,0,5,120,LabwareRefill,2024-11-22 07:00:00,success,2024-11-22 07:00:00,iPSsimulation/results/2024-11-13_real_round3/step_00000198/result.csv,120
IPSExperiment,iPS_Experiment_4,1,0,20,iPSPlateCoating,2024-11-22 09:00:00,success,2024-11-22 09:16:00,iPSsimulation/results/2024-11-13_real_round3/step_00000199/result.csv,20
HEKExperiment,HEK_Experiment_1,2,0,10,HEKGetImage,2024-11-22 10:10:00,success,2024-11-22 10:21:00,iPSsimulation/results/2024-11-13_real_round3/step_00000200/result.csv,10
IPSExperiment,iPS_Experiment_4,1,1,10,iPSGetImage,2024-11-22 10:20:00,success,2024-11-22 10:33:00,iPSsimulation/results/2024-11-13_real_round3/step_00000201/result.csv,10
IPSExperiment,iPS_Experiment_4,1,2,80,iPSPassage,2024-11-22 10:30:00,success,2024-11-22 11:50:00,iPSsimulation/results/2024-11-13_real_round3/step_00000202/result.csv,80
HEKExperiment,HEK_Experiment_3,1,0,10,HEKGetImage,2024-11-22 11:50:00,success,2024-11-22 12:02:00,iPSsimulation/results/2024-11-13_real_round3/step_00000203/result.csv,10
HEKExperiment,HEK_Experiment_1,1,0,10,HEKGetImage,2024-11-22 12:02:00,success,2024-11-22 12:14:00,iPSsimulation/results/2024-11-13_real_round3/step_00000204/result.csv,10
HEKExperiment,HEK_Experiment_1,1,1,60,HEKPassage,2024-11-22 12:12:00,success,2024-11-22 12:59:00,iPSsimulation/results/2024-11-13_real_round3/step_00000205/result.csv,60
HEKExperiment,HEK_Experiment_4,2,0,10,HEKGetImage,2024-11-22 13:12:00,success,2024-11-22 13:23:00,iPSsimulation/results/2024-11-13_real_round3/step_00000206/result.csv,10
HEKExperiment,HEK_Experiment_3,2,0,10,HEKGetImage,2024-11-22 13:23:00,success,2024-11-22 13:35:00,iPSsimulation/results/2024-11-13_real_round3/step_00000207/result.csv,10
HEKExperiment,HEK_Experiment_3,2,1,60,HEKPassage,2024-11-22 13:33:00,success,2024-11-22 14:20:00,iPSsimulation/results/2024-11-13_real_round3/step_00000208/result.csv,60
IPSExperiment,iPS_Experiment_3,4,0,20,iPSPlateCoating,2024-11-22 14:34:00,success,2024-11-22 14:50:00,iPSsimulation/results/2024-11-13_real_round3/step_00000209/result.csv,20
HEKExperiment,HEK_Experiment_0,3,0,10,HEKGetImage,2024-11-22 14:54:00,success,2024-11-22 15:04:00,iPSsimulation/results/2024-11-13_real_round3/step_00000210/result.csv,10
IPSExperiment,iPS_Experiment_0,5,0,10,iPSGetImage,2024-11-22 15:24:00,success,2024-11-22 15:35:00,iPSsimulation/results/2024-11-13_real_round3/step_00000211/result.csv,10
IPSExperiment,iPS_Experiment_0,5,1,20,iPSMediumChange,2024-11-22 15:34:00,success,2024-11-22 15:51:00,iPSsimulation/results/2024-11-13_real_round3/step_00000212/result.csv,20
IPSExperiment,iPS_Experiment_3,3,1,10,iPSGetImage,2024-11-22 15:54:00,success,2024-11-22 16:04:00,iPSsimulation/results/2024-11-13_real_round3/step_00000213/result.csv,10
IPSExperiment,iPS_Experiment_3,3,2,80,iPSPassage,2024-11-22 16:04:00,success,2024-11-22 17:21:00,iPSsimulation/results/2024-11-13_real_round3/step_00000214/result.csv,80
HEKExperiment,HEK_Experiment_0,4,0,10,HEKGetImage,2024-11-22 17:21:00,success,2024-11-22 17:33:00,iPSsimulation/results/2024-11-13_real_round3/step_00000215/result.csv,10
HEKExperiment,HEK_Experiment_0,4,1,60,HEKPassage,2024-11-22 17:31:00,success,2024-11-22 18:19:00,iPSsimulation/results/2024-11-13_real_round3/step_00000216/result.csv,60
HEKExperiment,HEK_Experiment_2,5,0,10,HEKGetImage,2024-11-22 18:31:00,success,2024-11-22 18:41:00,iPSsimulation/results/2024-11-13_real_round3/step_00000217/result.csv,10
HEKExperiment,HEK_Experiment_2,5,1,60,HEKPassage,2024-11-22 18:41:00,success,2024-11-22 19:27:00,iPSsimulation/results/2024-11-13_real_round3/step_00000218/result.csv,60
IPSExperiment,iPS_Experiment_2,6,0,10,iPSGetImage,2024-11-22 19:41:00,success,2024-11-22 19:52:00,iPSsimulation/results/2024-11-13_real_round3/step_00000219/result.csv,10
IPSExperiment,iPS_Experiment_2,6,1,20,iPSMediumChange,2024-11-22 19:51:00,success,2024-11-22 20:08:00,iPSsimulation/results/2024-11-13_real_round3/step_00000220/result.csv,20
HEKExperiment,HEK_Experiment_4,7,0,10,HEKGetImage,2024-11-22 20:08:00,success,2024-11-22 20:20:00,iPSsimulation/results/2024-11-13_real_round3/step_00000221/result.csv,10
HEKExperiment,HEK_Experiment_4,7,1,60,HEKPassage,2024-11-22 20:18:00,success,2024-11-22 21:05:00,iPSsimulation/results/2024-11-13_real_round3/step_00000222/result.csv,60
IPSExperiment,iPS_Experiment_2,10,0,20,iPSPlateCoating,2024-11-22 21:18:00,success,2024-11-22 21:34:00,iPSsimulation/results/2024-11-13_real_round3/step_00000223/result.csv,20
IPSExperiment,iPS_Experiment_1,6,0,10,iPSGetImage,2024-11-22 21:38:00,success,2024-11-22 21:48:00,iPSsimulation/results/2024-11-13_real_round3/step_00000224/result.csv,10
IPSExperiment,iPS_Experiment_1,6,1,20,iPSMediumChange,2024-11-22 21:48:00,success,2024-11-22 22:05:00,iPSsimulation/results/2024-11-13_real_round3/step_00000225/result.csv,20
IPSExperiment,iPS_Experiment_2,10,1,10,iPSGetImage,2024-11-22 22:38:00,success,2024-11-22 22:49:00,iPSsimulation/results/2024-11-13_real_round3/step_00000226/result.csv,10
IPSExperiment,iPS_Experiment_2,10,2,80,iPSPassage,2024-11-22 22:48:00,success,2024-11-23 00:57:00,iPSsimulation/results/2024-11-13_real_round3/step_00000227/result.csv,80
LabwareRefillExperiment,54326bba-120b-4e49-87fc-693a5bb0f8b5,0,6,120,LabwareRefill,2024-11-23 07:00:00,success,2024-11-23 07:00:00,iPSsimulation/results/2024-11-13_real_round3/step_00000228/result.csv,120
IPSExperiment,iPS_Experiment_4,8,0,10,iPSGetImage,2024-11-23 10:34:00,success,2024-11-23 10:44:00,iPSsimulation/results/2024-11-13_real_round3/step_00000229/result.csv,10
IPSExperiment,iPS_Experiment_4,8,1,20,iPSMediumChange,2024-11-23 10:44:00,success,2024-11-23 11:01:00,iPSsimulation/results/2024-11-13_real_round3/step_00000230/result.csv,20
HEKExperiment,HEK_Experiment_1,4,0,10,HEKGetImage,2024-11-23 14:00:00,success,2024-11-23 14:10:00,iPSsimulation/results/2024-11-13_real_round3/step_00000243/result.csv,10
HEKExperiment,HEK_Experiment_3,4,0,10,HEKGetImage,2024-11-23 14:10:00,success,2024-11-23 14:23:00,iPSsimulation/results/2024-11-13_real_round3/step_00000244/result.csv,10
HEKExperiment,HEK_Experiment_3,10,0,0,HEKWaiting,2024-11-23 14:23:00,success,2024-11-23 14:24:00,iPSsimulation/results/2024-11-13_real_round3/step_00000245/result.csv,0
IPSExperiment,iPS_Experiment_0,1,2,10,iPSGetImage,2024-11-23 15:54:00,success,2024-11-23 16:05:00,iPSsimulation/results/2024-11-13_real_round3/step_00000246/result.csv,10
IPSExperiment,iPS_Experiment_3,3,0,10,iPSGetImage,2024-11-23 16:06:00,success,2024-11-23 16:17:00,iPSsimulation/results/2024-11-13_real_round3/step_00000247/result.csv,10
IPSExperiment,iPS_Experiment_3,3,1,20,iPSMediumChange,2024-11-23 16:16:00,success,2024-11-23 16:33:00,iPSsimulation/results/2024-11-13_real_round3/step_00000248/result.csv,20
HEKExperiment,HEK_Experiment_0,4,0,10,HEKGetImage,2024-11-23 17:35:00,success,2024-11-23 17:46:00,iPSsimulation/results/2024-11-13_real_round3/step_00000249/result.csv,10
HEKExperiment,HEK_Experiment_0,10,0,0,HEKWaiting,2024-11-23 17:46:00,success,2024-11-23 17:47:00,iPSsimulation/results/2024-11-13_real_round3/step_00000250/result.csv,0
HEKExperiment,HEK_Experiment_2,4,0,10,HEKGetImage,2024-11-23 18:43:00,success,2024-11-23 18:54:00,iPSsimulation/results/2024-11-13_real_round3/step_00000251/result.csv,10
HEKExperiment,HEK_Experiment_4,4,0,10,HEKGetImage,2024-11-23 20:21:00,success,2024-11-23 20:32:00,iPSsimulation/results/2024-11-13_real_round3/step_00000252/result.csv,10
IPSExperiment,iPS_Experiment_1,1,2,10,iPSGetImage,2024-11-23 22:08:00,success,2024-11-23 22:19:00,iPSsimulation/results/2024-11-13_real_round3/step_00000253/result.csv,10
IPSExperiment,iPS_Experiment_2,4,0,10,iPSGetImage,2024-11-23 22:50:00,success,2024-11-23 23:00:00,iPSsimulation/results/2024-11-13_real_round3/step_00000254/result.csv,10
IPSExperiment,iPS_Experiment_2,4,1,20,iPSMediumChange,2024-11-23 23:00:00,success,2024-11-23 23:17:00,iPSsimulation/results/2024-11-13_real_round3/step_00000255/result.csv,20
HEKExperiment,HEK_Experiment_3,3,0,10,HEKGetImage,2024-11-24 01:01:00,success,2024-11-24 01:11:00,iPSsimulation/results/2024-11-13_real_round3/step_00000256/result.csv,10
HEKExperiment,HEK_Experiment_3,3,1,40,HEKSampling,2024-11-24 01:11:00,success,2024-11-24 01:30:00,iPSsimulation/results/2024-11-13_real_round3/step_00000257/result.csv,40
HEKExperiment,HEK_Experiment_0,5,0,10,HEKGetImage,2024-11-24 01:30:00,success,2024-11-24 01:47:00,iPSsimulation/results/2024-11-13_real_round3/step_00000259/result.csv,10
HEKExperiment,HEK_Experiment_0,5,1,40,HEKSampling,2024-11-24 01:40:00,success,2024-11-24 02:04:00,iPSsimulation/results/2024-11-13_real_round3/step_00000260/result.csv,40
HEKExperiment,HEK_Experiment_1,6,0,10,HEKGetImage,2024-11-24 02:04:00,success,2024-11-24 02:20:00,iPSsimulation/results/2024-11-13_real_round3/step_00000262/result.csv,10
HEKExperiment,HEK_Experiment_2,4,0,10,HEKGetImage,2024-11-24 05:56:00,success,2024-11-24 06:07:00,iPSsimulation/results/2024-11-13_real_round3/step_00000263/result.csv,10
HEKExperiment,HEK_Experiment_1,4,0,10,HEKGetImage,2024-11-24 06:07:00,success,2024-11-24 06:19:00,iPSsimulation/results/2024-11-13_real_round3/step_00000264/result.csv,10
HEKExperiment,HEK_Experiment_1,4,1,40,HEKSampling,2024-11-24 06:17:00,success,2024-11-24 06:36:00,iPSsimulation/results/2024-11-13_real_round3/step_00000265/result.csv,40
LabwareRefillExperiment,54326bba-120b-4e49-87fc-693a5bb0f8b5,0,7,120,LabwareRefill,2024-11-24 07:00:00,success,2024-11-24 07:00:00,iPSsimulation/results/2024-11-13_real_round3/step_00000267/result.csv,120
HEKExperiment,HEK_Experiment_4,5,0,10,HEKGetImage,2024-11-24 09:00:00,success,2024-11-24 09:11:00,iPSsimulation/results/2024-11-13_real_round3/step_00000268/result.csv,10
IPSExperiment,iPS_Experiment_4,1,2,10,iPSGetImage,2024-11-24 11:04:00,success,2024-11-24 11:15:00,iPSsimulation/results/2024-11-13_real_round3/step_00000269/result.csv,10
IPSExperiment,iPS_Experiment_0,5,0,10,iPSGetImage,2024-11-24 15:54:00,success,2024-11-24 16:04:00,iPSsimulation/results/2024-11-13_real_round3/step_00000270/result.csv,10
IPSExperiment,iPS_Experiment_0,5,1,20,iPSMediumChange,2024-11-24 16:04:00,success,2024-11-24 16:21:00,iPSsimulation/results/2024-11-13_real_round3/step_00000271/result.csv,20
IPSExperiment,iPS_Experiment_3,1,2,10,iPSGetImage,2024-11-24 16:36:00,success,2024-11-24 16:47:00,iPSsimulation/results/2024-11-13_real_round3/step_00000272/result.csv,10
IPSExperiment,iPS_Experiment_1,4,0,10,iPSGetImage,2024-11-24 22:08:00,success,2024-11-24 22:20:00,iPSsimulation/results/2024-11-13_real_round3/step_00000273/result.csv,10
IPSExperiment,iPS_Experiment_1,4,1,20,iPSMediumChange,2024-11-24 22:18:00,success,2024-11-24 22:36:00,iPSsimulation/results/2024-11-13_real_round3/step_00000274/result.csv,20
IPSExperiment,iPS_Experiment_2,1,2,10,iPSGetImage,2024-11-24 23:20:00,success,2024-11-24 23:31:00,iPSsimulation/results/2024-11-13_real_round3/step_00000275/result.csv,10
HEKExperiment,HEK_Experiment_2,1,0,10,HEKGetImage,2024-11-25 01:01:00,success,2024-11-25 01:11:00,iPSsimulation/results/2024-11-13_real_round3/step_00000276/result.csv,10
HEKExperiment,HEK_Experiment_2,1,1,40,HEKSampling,2024-11-25 01:11:00,success,2024-11-25 01:29:00,iPSsimulation/results/2024-11-13_real_round3/step_00000277/result.csv,40
HEKExperiment,HEK_Experiment_4,2,0,10,HEKGetImage,2024-11-25 01:29:00,success,2024-11-25 01:52:00,iPSsimulation/results/2024-11-13_real_round3/step_00000279/result.csv,10
HEKExperiment,HEK_Experiment_4,2,1,40,HEKSampling,2024-11-25 01:39:00,success,2024-11-25 02:09:00,iPSsimulation/results/2024-11-13_real_round3/step_00000280/result.csv,40
LabwareRefillExperiment,54326bba-120b-4e49-87fc-693a5bb0f8b5,0,8,120,LabwareRefill,2024-11-25 07:00:00,success,2024-11-25 07:00:00,iPSsimulation/results/2024-11-13_real_round3/step_00000282/result.csv,120
IPSExperiment,iPS_Experiment_4,3,0,10,iPSGetImage,2024-11-25 11:04:00,success,2024-11-25 11:15:00,iPSsimulation/results/2024-11-13_real_round3/step_00000283/result.csv,10
IPSExperiment,iPS_Experiment_4,3,1,20,iPSMediumChange,2024-11-25 11:14:00,success,2024-11-25 11:31:00,iPSsimulation/results/2024-11-13_real_round3/step_00000284/result.csv,20
IPSExperiment,iPS_Experiment_0,1,0,10,iPSGetImage,2024-11-25 16:06:00,success,2024-11-25 16:17:00,iPSsimulation/results/2024-11-13_real_round3/step_00000285/result.csv,10
IPSExperiment,iPS_Experiment_0,1,1,20,iPSMediumChange,2024-11-25 16:16:00,success,2024-11-25 16:33:00,iPSsimulation/results/2024-11-13_real_round3/step_00000286/result.csv,20
IPSExperiment,iPS_Experiment_3,1,0,10,iPSGetImage,2024-11-25 16:36:00,success,2024-11-25 16:46:00,iPSsimulation/results/2024-11-13_real_round3/step_00000287/result.csv,10
IPSExperiment,iPS_Experiment_3,1,1,20,iPSMediumChange,2024-11-25 16:46:00,success,2024-11-25 17:02:00,iPSsimulation/results/2024-11-13_real_round3/step_00000288/result.csv,20
IPSExperiment,iPS_Experiment_1,1,0,10,iPSGetImage,2024-11-25 22:21:00,success,2024-11-25 22:31:00,iPSsimulation/results/2024-11-13_real_round3/step_00000289/result.csv,10
IPSExperiment,iPS_Experiment_1,1,1,20,iPSMediumChange,2024-11-25 22:31:00,success,2024-11-25 22:47:00,iPSsimulation/results/2024-11-13_real_round3/step_00000290/result.csv,20
IPSExperiment,iPS_Experiment_2,1,0,10,iPSGetImage,2024-11-25 23:20:00,success,2024-11-25 23:31:00,iPSsimulation/results/2024-11-13_real_round3/step_00000291/result.csv,10
IPSExperiment,iPS_Experiment_2,1,1,20,iPSMediumChange,2024-11-25 23:30:00,success,2024-11-25 23:47:00,iPSsimulation/results/2024-11-13_real_round3/step_00000292/result.csv,20
LabwareRefillExperiment,54326bba-120b-4e49-87fc-693a5bb0f8b5,0,9,120,LabwareRefill,2024-11-26 07:00:00,success,2024-11-26 07:00:00,iPSsimulation/results/2024-11-13_real_round3/step_00000293/result.csv,120
IPSExperiment,iPS_Experiment_4,1,0,10,iPSGetImage,2024-11-26 11:15:00,success,2024-11-26 11:25:00,iPSsimulation/results/2024-11-13_real_round3/step_00000294/result.csv,10
IPSExperiment,iPS_Experiment_4,1,1,20,iPSMediumChange,2024-11-26 11:25:00,success,2024-11-26 11:41:00,iPSsimulation/results/2024-11-13_real_round3/step_00000295/result.csv,20
IPSExperiment,iPS_Experiment_0,1,0,10,iPSGetImage,2024-11-26 16:17:00,success,2024-11-26 16:28:00,iPSsimulation/results/2024-11-13_real_round3/step_00000296/result.csv,10
IPSExperiment,iPS_Experiment_0,1,1,20,iPSMediumChange,2024-11-26 16:27:00,success,2024-11-26 16:44:00,iPSsimulation/results/2024-11-13_real_round3/step_00000297/result.csv,20
IPSExperiment,iPS_Experiment_3,1,0,10,iPSGetImage,2024-11-26 16:47:00,success,2024-11-26 16:57:00,iPSsimulation/results/2024-11-13_real_round3/step_00000298/result.csv,10
IPSExperiment,iPS_Experiment_3,1,1,20,iPSMediumChange,2024-11-26 16:57:00,success,2024-11-26 17:14:00,iPSsimulation/results/2024-11-13_real_round3/step_00000299/result.csv,20
IPSExperiment,iPS_Experiment_1,1,0,10,iPSGetImage,2024-11-26 22:32:00,success,2024-11-26 22:43:00,iPSsimulation/results/2024-11-13_real_round3/step_00000300/result.csv,10
IPSExperiment,iPS_Experiment_1,1,1,20,iPSMediumChange,2024-11-26 22:42:00,success,2024-11-26 22:59:00,iPSsimulation/results/2024-11-13_real_round3/step_00000301/result.csv,20
IPSExperiment,iPS_Experiment_2,1,0,10,iPSGetImage,2024-11-26 23:31:00,success,2024-11-26 23:42:00,iPSsimulation/results/2024-11-13_real_round3/step_00000302/result.csv,10
IPSExperiment,iPS_Experiment_2,1,1,20,iPSMediumChange,2024-11-26 23:41:00,success,2024-11-26 23:58:00,iPSsimulation/results/2024-11-13_real_round3/step_00000303/result.csv,20
LabwareRefillExperiment,54326bba-120b-4e49-87fc-693a5bb0f8b5,0,10,120,LabwareRefill,2024-11-27 07:00:00,success,2024-11-27 07:00:00,iPSsimulation/results/2024-11-13_real_round3/step_00000304/result.csv,120
IPSExperiment,iPS_Experiment_4,1,0,10,iPSGetImage,2024-11-27 11:26:00,success,2024-11-27 11:37:00,iPSsimulation/results/2024-11-13_real_round3/step_00000305/result.csv,10
IPSExperiment,iPS_Experiment_4,1,1,20,iPSMediumChange,2024-11-27 11:36:00,success,2024-11-27 11:53:00,iPSsimulation/results/2024-11-13_real_round3/step_00000306/result.csv,20
IPSExperiment,iPS_Experiment_0,1,0,10,iPSGetImage,2024-11-27 16:28:00,success,2024-11-27 16:39:00,iPSsimulation/results/2024-11-13_real_round3/step_00000307/result.csv,10
IPSExperiment,iPS_Experiment_0,1,1,20,iPSMediumChange,2024-11-27 16:38:00,success,2024-11-27 16:55:00,iPSsimulation/results/2024-11-13_real_round3/step_00000308/result.csv,20
IPSExperiment,iPS_Experiment_3,1,0,10,iPSGetImage,2024-11-27 16:58:00,success,2024-11-27 17:09:00,iPSsimulation/results/2024-11-13_real_round3/step_00000309/result.csv,10
IPSExperiment,iPS_Experiment_3,1,1,20,iPSMediumChange,2024-11-27 17:08:00,success,2024-11-27 17:25:00,iPSsimulation/results/2024-11-13_real_round3/step_00000310/result.csv,20
IPSExperiment,iPS_Experiment_1,1,0,10,iPSGetImage,2024-11-27 22:43:00,success,2024-11-27 22:55:00,iPSsimulation/results/2024-11-13_real_round3/step_00000311/result.csv,10
IPSExperiment,iPS_Experiment_1,1,1,20,iPSMediumChange,2024-11-27 22:53:00,success,2024-11-27 23:11:00,iPSsimulation/results/2024-11-13_real_round3/step_00000312/result.csv,20
IPSExperiment,iPS_Experiment_2,1,0,10,iPSGetImage,2024-11-27 23:42:00,success,2024-11-27 23:53:00,iPSsimulation/results/2024-11-13_real_round3/step_00000313/result.csv,10
IPSExperiment,iPS_Experiment_2,1,1,20,iPSMediumChange,2024-11-27 23:52:00,success,2024-11-28 00:09:00,iPSsimulation/results/2024-11-13_real_round3/step_00000314/result.csv,20
LabwareRefillExperiment,54326bba-120b-4e49-87fc-693a5bb0f8b5,0,11,120,LabwareRefill,2024-11-28 07:00:00,success,2024-11-28 07:00:00,iPSsimulation/results/2024-11-13_real_round3/step_00000315/result.csv,120
IPSExperiment,iPS_Experiment_4,1,0,10,iPSGetImage,2024-11-28 11:37:00,success,2024-11-28 11:47:00,iPSsimulation/results/2024-11-13_real_round3/step_00000316/result.csv,10
IPSExperiment,iPS_Experiment_4,1,1,20,iPSMediumChange,2024-11-28 11:47:00,success,2024-11-28 12:03:00,iPSsimulation/results/2024-11-13_real_round3/step_00000317/result.csv,20
IPSExperiment,iPS_Experiment_0,1,0,10,iPSGetImage,2024-11-28 16:39:00,success,2024-11-28 16:49:00,iPSsimulation/results/2024-11-13_real_round3/step_00000318/result.csv,10
IPSExperiment,iPS_Experiment_0,1,1,20,iPSMediumChange,2024-11-28 16:49:00,success,2024-11-28 17:05:00,iPSsimulation/results/2024-11-13_real_round3/step_00000319/result.csv,20
IPSExperiment,iPS_Experiment_3,1,0,10,iPSGetImage,2024-11-28 17:09:00,success,2024-11-28 17:20:00,iPSsimulation/results/2024-11-13_real_round3/step_00000320/result.csv,10
IPSExperiment,iPS_Experiment_3,1,1,20,iPSMediumChange,2024-11-28 17:19:00,success,2024-11-28 17:36:00,iPSsimulation/results/2024-11-13_real_round3/step_00000321/result.csv,20
IPSExperiment,iPS_Experiment_1,1,0,10,iPSGetImage,2024-11-28 22:56:00,success,2024-11-28 23:07:00,iPSsimulation/results/2024-11-13_real_round3/step_00000322/result.csv,10
IPSExperiment,iPS_Experiment_1,1,1,20,iPSMediumChange,2024-11-28 23:06:00,success,2024-11-28 23:23:00,iPSsimulation/results/2024-11-13_real_round3/step_00000323/result.csv,20
IPSExperiment,iPS_Experiment_2,1,0,10,iPSGetImage,2024-11-28 23:54:00,success,2024-11-29 00:04:00,iPSsimulation/results/2024-11-13_real_round3/step_00000324/result.csv,10
IPSExperiment,iPS_Experiment_2,1,1,20,iPSMediumChange,2024-11-29 00:04:00,success,2024-11-29 00:20:00,iPSsimulation/results/2024-11-13_real_round3/step_00000325/result.csv,20
LabwareRefillExperiment,54326bba-120b-4e49-87fc-693a5bb0f8b5,0,12,120,LabwareRefill,2024-11-29 07:00:00,success,2024-11-29 07:00:00,iPSsimulation/results/2024-11-13_real_round3/step_00000326/result.csv,120
IPSExperiment,iPS_Experiment_4,1,0,10,iPSGetImage,2024-11-29 11:48:00,success,2024-11-29 11:59:00,iPSsimulation/results/2024-11-13_real_round3/step_00000327/result.csv,10
IPSExperiment,iPS_Experiment_4,1,1,20,iPSMediumChange,2024-11-29 11:58:00,success,2024-11-29 12:15:00,iPSsimulation/results/2024-11-13_real_round3/step_00000328/result.csv,20
IPSExperiment,iPS_Experiment_0,1,0,10,iPSGetImage,2024-11-29 16:50:00,success,2024-11-29 17:00:00,iPSsimulation/results/2024-11-13_real_round3/step_00000329/result.csv,10
IPSExperiment,iPS_Experiment_0,1,1,20,iPSMediumChange,2024-11-29 17:00:00,success,2024-11-29 17:16:00,iPSsimulation/results/2024-11-13_real_round3/step_00000330/result.csv,20
IPSExperiment,iPS_Experiment_3,1,0,10,iPSGetImage,2024-11-29 17:20:00,success,2024-11-29 17:30:00,iPSsimulation/results/2024-11-13_real_round3/step_00000331/result.csv,10
IPSExperiment,iPS_Experiment_3,1,1,20,iPSMediumChange,2024-11-29 17:30:00,success,2024-11-29 17:46:00,iPSsimulation/results/2024-11-13_real_round3/step_00000332/result.csv,20
IPSExperiment,iPS_Experiment_1,1,0,10,iPSGetImage,2024-11-29 23:08:00,success,2024-11-29 23:18:00,iPSsimulation/results/2024-11-13_real_round3/step_00000333/result.csv,10
IPSExperiment,iPS_Experiment_1,1,1,20,iPSMediumChange,2024-11-29 23:18:00,success,2024-11-29 23:35:00,iPSsimulation/results/2024-11-13_real_round3/step_00000334/result.csv,20
IPSExperiment,iPS_Experiment_2,1,0,10,iPSGetImage,2024-11-30 00:05:00,success,2024-11-30 00:16:00,iPSsimulation/results/2024-11-13_real_round3/step_00000335/result.csv,10
IPSExperiment,iPS_Experiment_2,1,1,20,iPSMediumChange,2024-11-30 00:15:00,success,2024-11-30 00:32:00,iPSsimulation/results/2024-11-13_real_round3/step_00000336/result.csv,20
LabwareRefillExperiment,54326bba-120b-4e49-87fc-693a5bb0f8b5,0,13,120,LabwareRefill,2024-11-30 07:00:00,success,2024-11-30 07:00:00,iPSsimulation/results/2024-11-13_real_round3/step_00000337/result.csv,120
IPSExperiment,iPS_Experiment_4,1,0,10,iPSGetImage,2024-11-30 12:00:00,success,2024-11-30 12:11:00,iPSsimulation/results/2024-11-13_real_round3/step_00000338/result.csv,10
IPSExperiment,iPS_Experiment_4,1,1,20,iPSMediumChange,2024-11-30 12:10:00,success,2024-11-30 12:27:00,iPSsimulation/results/2024-11-13_real_round3/step_00000339/result.csv,20
IPSExperiment,iPS_Experiment_0,1,0,10,iPSGetImage,2024-11-30 17:01:00,success,2024-11-30 17:12:00,iPSsimulation/results/2024-11-13_real_round3/step_00000340/result.csv,10
IPSExperiment,iPS_Experiment_0,1,1,20,iPSMediumChange,2024-11-30 17:11:00,success,2024-11-30 17:28:00,iPSsimulation/results/2024-11-13_real_round3/step_00000341/result.csv,20
IPSExperiment,iPS_Experiment_3,1,0,10,iPSGetImage,2024-11-30 17:31:00,success,2024-11-30 17:42:00,iPSsimulation/results/2024-11-13_real_round3/step_00000342/result.csv,10
IPSExperiment,iPS_Experiment_3,1,1,20,iPSMediumChange,2024-11-30 17:41:00,success,2024-11-30 17:58:00,iPSsimulation/results/2024-11-13_real_round3/step_00000343/result.csv,20
LabwareRefillExperiment,54326bba-120b-4e49-87fc-693a5bb0f8b5,0,14,120,LabwareRefill,2024-12-01 07:00:00,success,2024-12-01 14:34:00,iPSsimulation/results/2024-11-13_real_round3/step_00000346/result.csv,120
IPSExperiment,iPS_Experiment_3,2,0,20,iPSPlateCoating,2024-12-01 15:03:00,success,2024-12-01 15:19:00,iPSsimulation/results/2024-11-13_real_round3/step_00000349/result.csv,20
IPSExperiment,iPS_Experiment_3,1,1,10,iPSGetImage,2024-12-01 16:23:00,success,2024-12-01 16:33:00,iPSsimulation/results/2024-11-13_real_round3/step_00000352/result.csv,10
IPSExperiment,iPS_Experiment_3,1,2,80,iPSPassage,2024-12-01 16:33:00,success,2024-12-01 18:00:00,iPSsimulation/results/2024-11-13_real_round3/step_00000353/result.csv,80
IPSExperiment,iPS_Experiment_2,1,0,10,iPSGetImage,2024-12-01 18:00:00,success,2024-12-01 18:12:00,iPSsimulation/results/2024-11-13_real_round3/step_00000354/result.csv,10
IPSExperiment,iPS_Experiment_2,1,1,20,iPSMediumChange,2024-12-01 18:10:00,success,2024-12-01 18:28:00,iPSsimulation/results/2024-11-13_real_round3/step_00000355/result.csv,20
IPSExperiment,iPS_Experiment_2,4,0,20,iPSPlateCoating,2024-12-01 18:28:00,success,2024-12-01 18:45:00,iPSsimulation/results/2024-11-13_real_round3/step_00000356/result.csv,20
IPSExperiment,iPS_Experiment_4,1,0,10,iPSGetImage,2024-12-01 18:48:00,success,2024-12-01 18:58:00,iPSsimulation/results/2024-11-13_real_round3/step_00000357/result.csv,10
IPSExperiment,iPS_Experiment_4,1,1,20,iPSMediumChange,2024-12-01 18:58:00,success,2024-12-01 19:15:00,iPSsimulation/results/2024-11-13_real_round3/step_00000358/result.csv,20
IPSExperiment,iPS_Experiment_0,2,0,10,iPSGetImage,2024-12-01 19:15:00,success,2024-12-01 19:26:00,iPSsimulation/results/2024-11-13_real_round3/step_00000359/result.csv,10
IPSExperiment,iPS_Experiment_0,2,1,20,iPSMediumChange,2024-12-01 19:25:00,success,2024-12-01 19:43:00,iPSsimulation/results/2024-11-13_real_round3/step_00000360/result.csv,20
IPSExperiment,iPS_Experiment_2,1,1,10,iPSGetImage,2024-12-01 19:48:00,success,2024-12-01 19:58:00,iPSsimulation/results/2024-11-13_real_round3/step_00000361/result.csv,10
IPSExperiment,iPS_Experiment_2,1,2,80,iPSPassage,2024-12-01 19:58:00,success,2024-12-01 21:15:00,iPSsimulation/results/2024-11-13_real_round3/step_00000362/result.csv,80
LabwareRefillExperiment,54326bba-120b-4e49-87fc-693a5bb0f8b5,0,15,120,LabwareRefill,2024-12-02 07:00:00,success,2024-12-02 07:00:00,iPSsimulation/results/2024-11-13_real_round3/step_00000363/result.csv,120
IPSExperiment,iPS_Experiment_3,1,0,10,iPSGetImage,2024-12-02 16:44:00,success,2024-12-02 16:55:00,iPSsimulation/results/2024-11-13_real_round3/step_00000364/result.csv,10
IPSExperiment,iPS_Experiment_3,1,1,20,iPSMediumChange,2024-12-02 16:54:00,success,2024-12-02 17:11:00,iPSsimulation/results/2024-11-13_real_round3/step_00000365/result.csv,20
IPSExperiment,iPS_Experiment_4,2,0,10,iPSGetImage,2024-12-02 18:59:00,success,2024-12-02 19:09:00,iPSsimulation/results/2024-11-13_real_round3/step_00000366/result.csv,10
IPSExperiment,iPS_Experiment_4,2,1,20,iPSMediumChange,2024-12-02 19:09:00,success,2024-12-02 19:26:00,iPSsimulation/results/2024-11-13_real_round3/step_00000367/result.csv,20
IPSExperiment,iPS_Experiment_0,2,0,10,iPSGetImage,2024-12-02 19:27:00,success,2024-12-02 19:38:00,iPSsimulation/results/2024-11-13_real_round3/step_00000368/result.csv,10
IPSExperiment,iPS_Experiment_0,2,1,20,iPSMediumChange,2024-12-02 19:37:00,success,2024-12-02 19:54:00,iPSsimulation/results/2024-11-13_real_round3/step_00000369/result.csv,20
IPSExperiment,iPS_Experiment_2,2,0,10,iPSGetImage,2024-12-02 19:59:00,success,2024-12-02 20:09:00,iPSsimulation/results/2024-11-13_real_round3/step_00000370/result.csv,10
IPSExperiment,iPS_Experiment_2,2,1,20,iPSMediumChange,2024-12-02 20:09:00,success,2024-12-02 20:26:00,iPSsimulation/results/2024-11-13_real_round3/step_00000371/result.csv,20
LabwareRefillExperiment,54326bba-120b-4e49-87fc-693a5bb0f8b5,0,16,120,LabwareRefill,2024-12-03 07:00:00,success,2024-12-03 07:00:00,iPSsimulation/results/2024-11-13_real_round3/step_00000372/result.csv,120
IPSExperiment,iPS_Experiment_0,4,0,20,iPSPlateCoating,2024-12-03 12:25:00,success,2024-12-03 12:41:00,iPSsimulation/results/2024-11-13_real_round3/step_00000373/result.csv,20
IPSExperiment,iPS_Experiment_0,4,1,10,iPSGetImage,2024-12-03 13:45:00,success,2024-12-03 13:56:00,iPSsimulation/results/2024-11-13_real_round3/step_00000374/result.csv,10
IPSExperiment,iPS_Experiment_0,4,2,80,iPSPassage,2024-12-03 13:55:00,success,2024-12-03 15:12:00,iPSsimulation/results/2024-11-13_real_round3/step_00000375/result.csv,80
IPSExperiment,iPS_Experiment_3,1,2,10,iPSGetImage,2024-12-03 17:14:00,success,2024-12-03 17:25:00,iPSsimulation/results/2024-11-13_real_round3/step_00000376/result.csv,10
IPSExperiment,iPS_Experiment_4,2,0,10,iPSGetImage,2024-12-03 19:10:00,success,2024-12-03 19:20:00,iPSsimulation/results/2024-11-13_real_round3/step_00000377/result.csv,10
IPSExperiment,iPS_Experiment_4,2,1,20,iPSMediumChange,2024-12-03 19:20:00,success,2024-12-03 19:37:00,iPSsimulation/results/2024-11-13_real_round3/step_00000378/result.csv,20
IPSExperiment,iPS_Experiment_2,1,2,10,iPSGetImage,2024-12-03 20:29:00,success,2024-12-03 20:40:00,iPSsimulation/results/2024-11-13_real_round3/step_00000379/result.csv,10
LabwareRefillExperiment,54326bba-120b-4e49-87fc-693a5bb0f8b5,0,17,120,LabwareRefill,2024-12-04 07:00:00,success,2024-12-04 07:00:00,iPSsimulation/results/2024-11-13_real_round3/step_00000380/result.csv,120
IPSExperiment,iPS_Experiment_0,1,0,10,iPSGetImage,2024-12-04 13:57:00,success,2024-12-04 14:08:00,iPSsimulation/results/2024-11-13_real_round3/step_00000381/result.csv,10
IPSExperiment,iPS_Experiment_0,1,1,20,iPSMediumChange,2024-12-04 14:07:00,success,2024-12-04 14:24:00,iPSsimulation/results/2024-11-13_real_round3/step_00000382/result.csv,20
IPSExperiment,iPS_Experiment_4,2,0,10,iPSGetImage,2024-12-05 03:20:00,success,2024-12-05 03:30:00,iPSsimulation/results/2024-11-13_real_round3/step_00000387/result.csv,10
IPSExperiment,iPS_Experiment_4,2,0,10,iPSGetImage,2024-12-05 03:20:00,success,2024-12-05 03:30:00,iPSsimulation/results/2024-11-13_real_round3/step_00000387/result.csv,10
IPSExperiment,iPS_Experiment_4,2,1,20,iPSMediumChange,2024-12-05 03:30:00,success,2024-12-05 03:49:00,iPSsimulation/results/2024-11-13_real_round3/step_00000389/result.csv,20
IPSExperiment,iPS_Experiment_2,2,0,10,iPSGetImage,2024-12-05 03:49:00,success,2024-12-05 04:01:00,iPSsimulation/results/2024-11-13_real_round3/step_00000390/result.csv,10
IPSExperiment,iPS_Experiment_2,2,1,20,iPSMediumChange,2024-12-05 03:59:00,success,2024-12-05 04:17:00,iPSsimulation/results/2024-11-13_real_round3/step_00000391/result.csv,20
LabwareRefillExperiment,54326bba-120b-4e49-87fc-693a5bb0f8b5,0,18,120,LabwareRefill,2024-12-05 07:00:00,success,2024-12-05 07:00:00,iPSsimulation/results/2024-11-13_real_round3/step_00000392/result.csv,120
IPSExperiment,iPS_Experiment_0,1,2,10,iPSGetImage,2024-12-05 14:27:00,success,2024-12-05 15:17:00,iPSsimulation/results/2024-11-13_real_round3/step_00000394/result.csv,10
IPSExperiment,iPS_Experiment_4,1,0,10,iPSGetImage,2024-12-06 03:34:00,success,2024-12-06 03:44:00,iPSsimulation/results/2024-11-13_real_round3/step_00000395/result.csv,10
IPSExperiment,iPS_Experiment_4,1,1,20,iPSMediumChange,2024-12-06 03:44:00,success,2024-12-06 04:00:00,iPSsimulation/results/2024-11-13_real_round3/step_00000396/result.csv,20
IPSExperiment,iPS_Experiment_2,1,0,10,iPSGetImage,2024-12-06 04:02:00,success,2024-12-06 04:13:00,iPSsimulation/results/2024-11-13_real_round3/step_00000397/result.csv,10
IPSExperiment,iPS_Experiment_2,1,1,20,iPSMediumChange,2024-12-06 04:12:00,success,2024-12-06 04:29:00,iPSsimulation/results/2024-11-13_real_round3/step_00000398/result.csv,20
LabwareRefillExperiment,54326bba-120b-4e49-87fc-693a5bb0f8b5,0,19,120,LabwareRefill,2024-12-06 07:00:00,success,2024-12-06 07:00:00,iPSsimulation/results/2024-11-13_real_round3/step_00000399/result.csv,120
IPSExperiment,iPS_Experiment_0,1,0,10,iPSGetImage,2024-12-06 15:06:00,success,2024-12-06 09:11:00,iPSsimulation/results/2024-11-13_real_round3/step_00000400/result.csv,10
IPSExperiment,iPS_Experiment_0,1,1,20,iPSMediumChange,2024-12-06 15:16:00,success,2024-12-06 09:27:00,iPSsimulation/results/2024-11-13_real_round3/step_00000401/result.csv,20
IPSExperiment,iPS_Experiment_4,1,0,10,iPSGetImage,2024-12-07 03:45:00,success,2024-12-07 03:56:00,iPSsimulation/results/2024-11-13_real_round3/step_00000402/result.csv,10
IPSExperiment,iPS_Experiment_4,1,1,20,iPSMediumChange,2024-12-07 03:55:00,success,2024-12-07 04:12:00,iPSsimulation/results/2024-11-13_real_round3/step_00000403/result.csv,20
IPSExperiment,iPS_Experiment_2,1,0,10,iPSGetImage,2024-12-07 04:13:00,success,2024-12-07 04:24:00,iPSsimulation/results/2024-11-13_real_round3/step_00000404/result.csv,10
IPSExperiment,iPS_Experiment_2,1,1,20,iPSMediumChange,2024-12-07 04:23:00,success,2024-12-07 06:12:00,iPSsimulation/results/2024-11-13_real_round3/step_00000406/result.csv,20
IPSExperiment,iPS_Experiment_0,1,0,10,iPSGetImage,2024-12-07 09:12:00,success,2024-12-07 06:40:00,iPSsimulation/results/2024-11-13_real_round3/step_00000407/result.csv,10
IPSExperiment,iPS_Experiment_0,1,1,20,iPSMediumChange,2024-12-07 09:22:00,success,2024-12-07 06:44:00,iPSsimulation/results/2024-11-13_real_round3/step_00000408/result.csv,20
LabwareRefillExperiment,54326bba-120b-4e49-87fc-693a5bb0f8b5,0,20,120,LabwareRefill,2024-12-07 07:00:00,success,2024-12-07 07:00:00,iPSsimulation/results/2024-11-13_real_round3/step_00000409/result.csv,120
IPSExperiment,iPS_Experiment_4,1,0,10,iPSGetImage,2024-12-08 03:56:00,success,2024-12-08 05:10:00,iPSsimulation/results/2024-11-13_real_round3/step_00000410/result.csv,10
IPSExperiment,iPS_Experiment_4,1,1,20,iPSMediumChange,2024-12-08 04:06:00,success,2024-12-08 05:20:00,iPSsimulation/results/2024-11-13_real_round3/step_00000411/result.csv,20
IPSExperiment,iPS_Experiment_2,1,0,10,iPSGetImage,2024-12-08 06:00:00,success,2024-12-08 05:27:00,iPSsimulation/results/2024-11-13_real_round3/step_00000412/result.csv,10
IPSExperiment,iPS_Experiment_2,1,1,20,iPSMediumChange,2024-12-08 06:10:00,success,2024-12-08 05:34:00,iPSsimulation/results/2024-11-13_real_round3/step_00000413/result.csv,20
IPSExperiment,iPS_Experiment_0,1,0,10,iPSGetImage,2024-12-08 06:30:00,success,2024-12-08 05:43:00,iPSsimulation/results/2024-11-13_real_round3/step_00000414/result.csv,10
IPSExperiment,iPS_Experiment_0,1,1,20,iPSMediumChange,2024-12-08 06:40:00,success,2024-12-08 05:51:00,iPSsimulation/results/2024-11-13_real_round3/step_00000415/result.csv,20
LabwareRefillExperiment,54326bba-120b-4e49-87fc-693a5bb0f8b5,0,21,120,LabwareRefill,2024-12-08 07:00:00,success,2024-12-07 07:50:00,iPSsimulation/results/2024-11-13_real_round3/step_00000416/result.csv,120
IPSExperiment,iPS_Experiment_4,1,0,10,iPSGetImage,2024-12-09 04:54:00,success,2024-12-08 05:15:00,iPSsimulation/results/2024-11-13_real_round3/step_00000417/result.csv,10
IPSExperiment,iPS_Experiment_4,1,1,20,iPSMediumChange,2024-12-09 05:04:00,success,2024-12-09 05:23:00,iPSsimulation/results/2024-11-13_real_round3/step_00000418/result.csv,20
IPSExperiment,iPS_Experiment_2,1,0,10,iPSGetImage,2024-12-09 05:27:00,success,2024-12-09 05:32:00,iPSsimulation/results/2024-11-13_real_round3/step_00000419/result.csv,10
IPSExperiment,iPS_Experiment_2,1,1,20,iPSMediumChange,2024-12-09 05:37:00,success,2024-12-09 05:40:00,iPSsimulation/results/2024-11-13_real_round3/step_00000420/result.csv,20
IPSExperiment,iPS_Experiment_0,1,0,10,iPSGetImage,2024-12-09 05:44:00,success,2024-12-09 05:48:00,iPSsimulation/results/2024-11-13_real_round3/step_00000421/result.csv,10
IPSExperiment,iPS_Experiment_0,1,1,20,iPSMediumChange,2024-12-09 05:54:00,success,2024-12-09 05:54:00,iPSsimulation/results/2024-11-13_real_round3/step_00000422/result.csv,20
LabwareRefillExperiment,54326bba-120b-4e49-87fc-693a5bb0f8b5,0,22,120,LabwareRefill,2024-12-09 07:00:00,success,2024-12-09 07:00:00,iPSsimulation/results/2024-11-13_real_round3/step_00000423/result.csv,120
IPSExperiment,iPS_Experiment_4,1,0,10,iPSGetImage,2024-12-10 05:30:00,success,2024-12-10 05:42:00,iPSsimulation/results/2024-11-13_real_round3/step_00000425/result.csv,10
IPSExperiment,iPS_Experiment_4,1,1,20,iPSMediumChange,2024-12-10 05:40:00,success,2024-12-10 05:59:00,iPSsimulation/results/2024-11-13_real_round3/step_00000426/result.csv,20
IPSExperiment,iPS_Experiment_2,1,0,10,iPSGetImage,2024-12-10 05:59:00,success,2024-12-10 06:10:00,iPSsimulation/results/2024-11-13_real_round3/step_00000427/result.csv,10
IPSExperiment,iPS_Experiment_2,1,1,20,iPSMediumChange,2024-12-10 06:09:00,success,2024-12-10 06:26:00,iPSsimulation/results/2024-11-13_real_round3/step_00000428/result.csv,20
IPSExperiment,iPS_Experiment_0,1,0,10,iPSGetImage,2024-12-10 06:26:00,success,2024-12-10 06:38:00,iPSsimulation/results/2024-11-13_real_round3/step_00000429/result.csv,10
IPSExperiment,iPS_Experiment_0,1,1,20,iPSMediumChange,2024-12-10 06:36:00,success,2024-12-10 06:54:00,iPSsimulation/results/2024-11-13_real_round3/step_00000430/result.csv,20
LabwareRefillExperiment,54326bba-120b-4e49-87fc-693a5bb0f8b5,0,23,120,LabwareRefill,2024-12-10 07:00:00,success,2024-12-10 07:00:00,iPSsimulation/results/2024-11-13_real_round3/step_00000431/result.csv,120
IPSExperiment,iPS_Experiment_4,1,0,20,iPSPlateCoating,2024-12-10 14:35:00,success,2024-12-10 14:51:00,iPSsimulation/results/2024-11-13_real_round3/step_00000432/result.csv,20
IPSExperiment,iPS_Experiment_4,1,1,10,iPSGetImage,2024-12-10 15:55:00,success,2024-12-10 16:06:00,iPSsimulation/results/2024-11-13_real_round3/step_00000433/result.csv,10
IPSExperiment,iPS_Experiment_4,1,2,80,iPSPassage,2024-12-10 16:05:00,success,2024-12-10 17:22:00,iPSsimulation/results/2024-11-13_real_round3/step_00000434/result.csv,80
IPSExperiment,iPS_Experiment_2,1,0,10,iPSGetImage,2024-12-11 05:55:00,success,2024-12-11 06:05:00,iPSsimulation/results/2024-11-13_real_round3/step_00000435/result.csv,10
IPSExperiment,iPS_Experiment_2,1,1,20,iPSMediumChange,2024-12-11 06:05:00,success,2024-12-11 06:22:00,iPSsimulation/results/2024-11-13_real_round3/step_00000436/result.csv,20
IPSExperiment,iPS_Experiment_0,1,0,10,iPSGetImage,2024-12-11 06:30:00,success,2024-12-11 06:41:00,iPSsimulation/results/2024-11-13_real_round3/step_00000437/result.csv,10
IPSExperiment,iPS_Experiment_0,1,1,20,iPSMediumChange,2024-12-11 06:40:00,success,2024-12-11 06:57:00,iPSsimulation/results/2024-11-13_real_round3/step_00000438/result.csv,20
LabwareRefillExperiment,54326bba-120b-4e49-87fc-693a5bb0f8b5,0,24,120,LabwareRefill,2024-12-11 07:00:00,success,2024-12-11 07:00:00,iPSsimulation/results/2024-11-13_real_round3/step_00000439/result.csv,120
IPSExperiment,iPS_Experiment_4,2,0,10,iPSGetImage,2024-12-11 16:06:00,success,2024-12-11 16:17:00,iPSsimulation/results/2024-11-13_real_round3/step_00000440/result.csv,10
IPSExperiment,iPS_Experiment_4,2,1,20,iPSMediumChange,2024-12-11 16:16:00,success,2024-12-11 16:33:00,iPSsimulation/results/2024-11-13_real_round3/step_00000441/result.csv,20
IPSExperiment,iPS_Experiment_2,1,0,10,iPSGetImage,2024-12-12 01:01:00,success,2024-12-12 01:12:00,iPSsimulation/results/2024-11-13_real_round3/step_00000442/result.csv,10
IPSExperiment,iPS_Experiment_2,1,1,60,iPSSampling,2024-12-12 01:11:00,success,2024-12-12 01:28:00,iPSsimulation/results/2024-11-13_real_round3/step_00000443/result.csv,60
IPSExperiment,iPS_Experiment_0,3,0,10,iPSGetImage,2024-12-12 06:30:00,success,2024-12-12 06:40:00,iPSsimulation/results/2024-11-13_real_round3/step_00000444/result.csv,10
IPSExperiment,iPS_Experiment_0,3,1,20,iPSMediumChange,2024-12-12 06:40:00,success,2024-12-12 06:57:00,iPSsimulation/results/2024-11-13_real_round3/step_00000445/result.csv,20
LabwareRefillExperiment,54326bba-120b-4e49-87fc-693a5bb0f8b5,0,25,120,LabwareRefill,2024-12-12 07:00:00,success,2024-12-12 07:00:00,iPSsimulation/results/2024-11-13_real_round3/step_00000446/result.csv,120
IPSExperiment,iPS_Experiment_4,2,2,10,iPSGetImage,2024-12-12 16:36:00,success,2024-12-12 16:46:00,iPSsimulation/results/2024-11-13_real_round3/step_00000448/result.csv,10
IPSExperiment,iPS_Experiment_0,1,0,10,iPSGetImage,2024-12-13 06:30:00,success,2024-12-13 06:41:00,iPSsimulation/results/2024-11-13_real_round3/step_00000449/result.csv,10
IPSExperiment,iPS_Experiment_0,1,1,20,iPSMediumChange,2024-12-13 06:40:00,success,2024-12-13 06:56:00,iPSsimulation/results/2024-11-13_real_round3/step_00000450/result.csv,20
LabwareRefillExperiment,54326bba-120b-4e49-87fc-693a5bb0f8b5,0,26,120,LabwareRefill,2024-12-13 07:00:00,success,2024-12-13 07:00:00,iPSsimulation/results/2024-11-13_real_round3/step_00000451/result.csv,120
IPSExperiment,iPS_Experiment_4,1,0,10,iPSGetImage,2024-12-13 16:36:00,success,2024-12-13 16:46:00,iPSsimulation/results/2024-11-13_real_round3/step_00000452/result.csv,10
IPSExperiment,iPS_Experiment_4,1,1,20,iPSMediumChange,2024-12-13 16:46:00,success,2024-12-13 17:02:00,iPSsimulation/results/2024-11-13_real_round3/step_00000453/result.csv,20
IPSExperiment,iPS_Experiment_0,1,0,10,iPSGetImage,2024-12-14 01:01:00,success,2024-12-14 01:11:00,iPSsimulation/results/2024-11-13_real_round3/step_00000454/result.csv,10
IPSExperiment,iPS_Experiment_0,1,1,60,iPSSampling,2024-12-14 01:11:00,success,2024-12-14 01:28:00,iPSsimulation/results/2024-11-13_real_round3/step_00000455/result.csv,60
LabwareRefillExperiment,54326bba-120b-4e49-87fc-693a5bb0f8b5,0,27,120,LabwareRefill,2024-12-14 07:00:00,success,2024-12-14 07:00:00,iPSsimulation/results/2024-11-13_real_round3/step_00000457/result.csv,120
IPSExperiment,iPS_Experiment_4,2,0,10,iPSGetImage,2024-12-14 16:47:00,success,2024-12-14 16:58:00,iPSsimulation/results/2024-11-13_real_round3/step_00000458/result.csv,10
IPSExperiment,iPS_Experiment_4,2,1,20,iPSMediumChange,2024-12-14 16:57:00,success,2024-12-14 17:13:00,iPSsimulation/results/2024-11-13_real_round3/step_00000459/result.csv,20
LabwareRefillExperiment,54326bba-120b-4e49-87fc-693a5bb0f8b5,0,28,120,LabwareRefill,2024-12-15 07:00:00,success,2024-12-15 07:00:00,iPSsimulation/results/2024-11-13_real_round3/step_00000460/result.csv,120
IPSExperiment,iPS_Experiment_4,1,0,10,iPSGetImage,2024-12-15 16:58:00,success,2024-12-15 17:08:00,iPSsimulation/results/2024-11-13_real_round3/step_00000461/result.csv,10
IPSExperiment,iPS_Experiment_4,1,1,20,iPSMediumChange,2024-12-15 17:08:00,success,2024-12-15 17:25:00,iPSsimulation/results/2024-11-13_real_round3/step_00000462/result.csv,20
LabwareRefillExperiment,54326bba-120b-4e49-87fc-693a5bb0f8b5,0,29,120,LabwareRefill,2024-12-16 07:00:00,success,2024-12-16 07:00:00,iPSsimulation/results/2024-11-13_real_round3/step_00000463/result.csv,120
IPSExperiment,iPS_Experiment_4,1,0,10,iPSGetImage,2024-12-16 17:09:00,success,2024-12-16 17:20:00,iPSsimulation/results/2024-11-13_real_round3/step_00000464/result.csv,10
IPSExperiment,iPS_Experiment_4,1,1,20,iPSMediumChange,2024-12-16 17:19:00,success,2024-12-16 17:35:00,iPSsimulation/results/2024-11-13_real_round3/step_00000465/result.csv,20
LabwareRefillExperiment,54326bba-120b-4e49-87fc-693a5bb0f8b5,0,30,120,LabwareRefill,2024-12-17 07:00:00,success,2024-12-17 07:00:00,iPSsimulation/results/2024-11-13_real_round3/step_00000466/result.csv,120
IPSExperiment,iPS_Experiment_4,1,0,10,iPSGetImage,2024-12-17 17:20:00,success,2024-12-17 17:31:00,iPSsimulation/results/2024-11-13_real_round3/step_00000467/result.csv,10
IPSExperiment,iPS_Experiment_4,1,1,20,iPSMediumChange,2024-12-17 17:30:00,success,2024-12-17 17:47:00,iPSsimulation/results/2024-11-13_real_round3/step_00000468/result.csv,20
LabwareRefillExperiment,54326bba-120b-4e49-87fc-693a5bb0f8b5,0,31,120,LabwareRefill,2024-12-18 07:00:00,success,2024-12-18 07:00:00,iPSsimulation/results/2024-11-13_real_round3/step_00000469/result.csv,120
IPSExperiment,iPS_Experiment_4,1,0,10,iPSGetImage,2024-12-18 17:31:00,success,2024-12-18 17:42:00,iPSsimulation/results/2024-11-13_real_round3/step_00000470/result.csv,10
IPSExperiment,iPS_Experiment_4,1,1,20,iPSMediumChange,2024-12-18 17:41:00,success,2024-12-18 17:42:00,iPSsimulation/results/2024-11-13_real_round3/step_00000471/result.csv,20
LabwareRefillExperiment,54326bba-120b-4e49-87fc-693a5bb0f8b5,0,32,120,LabwareRefill,2024-12-19 07:00:00,success,2024-12-19 07:00:00,iPSsimulation/results/2024-11-13_real_round3/step_00000472/result.csv,120
IPSExperiment,iPS_Experiment_4,1,0,10,iPSGetImage,2024-12-19 17:42:00,success,2024-12-19 17:52:00,iPSsimulation/results/2024-11-13_real_round3/step_00000473/result.csv,10
IPSExperiment,iPS_Experiment_4,1,1,20,iPSMediumChange,2024-12-19 17:52:00,success,2024-12-19 17:53:00,iPSsimulation/results/2024-11-13_real_round3/step_00000474/result.csv,20
IPSExperiment,iPS_Experiment_4,1,0,10,iPSGetImage,2024-12-20 01:01:00,success,2024-12-20 01:11:00,iPSsimulation/results/2024-11-13_real_round3/step_00000475/result.csv,10
IPSExperiment,iPS_Experiment_4,1,1,60,iPSSampling,2024-12-20 01:11:00,success,2024-12-20 01:28:00,iPSsimulation/results/2024-11-13_real_round3/step_00000476/result.csv,60
